姓,名,せい,めい,性別,役職,部署,年齢,給与,資格
山岸,夏愛,やまぎし,なつえ,女性,部長,経理部,55,611539,TOEIC600点以上
横井,海翔,よこい,かいと,男性,課長,経理部,50,507615,TOEIC600点以上
緒方,真菜,おがた,まな,女性,課長,経理部,52,552123,英検2級以上
牧野,貴敏,まきの,たかとし,男性,課長,経理部,50,574825,TOEIC600点以上
福原,遼一,ふくはら,りょういち,男性,課長,経理部,50,519998,基本情報技術者
黒木,信一,くろき,しんいち,男性,課長,経理部,50,596031,英検2級以上
内山,秀樹,うちやま,ひでき,男性,課長,経理部,51,503049,基本情報技術者
関口,眞矢,せきぐち,まや,女性,課長,経理部,54,586118,
安井,知宏,やすい,ともひろ,男性,課長,経理部,55,554190,簿記3級
戸田,亜美瑠,とだ,あみる,男性,課長,経理部,47,508084,
西川,乃聖,にしかわ,のあ,女性,課長,経理部,53,579826,
宮田,整治,みやた,せいじ,男性,係長,経理部,40,453837,簿記3級
川田,基衣,かわた,もとえ,女性,係長,経理部,36,462488,
水谷,花七,みずたに,かな,女性,係長,経理部,35,487015,
松山,暖乃,まつやま,はるの,女性,なし,経理部,29,257394,簿記3級
緒方,優逸,おがた,ゆはや,女性,なし,経理部,21,354600,TOEIC600点以上
堀江,留佳,ほりえ,るか,女性,なし,経理部,21,217358,
植田,恭平,うえだ,きょうへい,男性,なし,経理部,21,211788,
西岡,林,にしおか,しげる,男性,なし,経理部,31,246314,簿記3級
新井,陽衣,あらい,はるい,女性,なし,経理部,38,313629,簿記3級
北原,汐那,きたはら,しおな,女性,なし,経理部,22,316878,
本田,瑠美,ほんだ,りゅうび,女性,なし,経理部,32,332819,MOS
西村,正治,にしむら,まさはる,男性,なし,経理部,27,221364,
福井,芽依,ふくい,めい,女性,なし,経理部,29,314614,
大槻,咲圭,おおつき,えみか,女性,なし,経理部,40,225734,簿記3級
増田,納,ますだ,おさむ,男性,なし,経理部,24,314973,
浜田,風吹,はまだ,ふぶき,女性,なし,経理部,27,214580,
寺島,正次郎,てらじま,せいじろう,男性,なし,経理部,27,264600,
堀川,智加,ほりかわ,ともか,女性,なし,経理部,22,214058,MOS
森本,樹良,もりもと,じゅら,女性,なし,経理部,39,284012,
徳田,白織,とくだ,しおり,女性,なし,経理部,35,316551,基本情報技術者
片山,廣香,かたやま,ひろか,女性,なし,経理部,33,397739,
神谷,勝也,かみや,かつや,男性,なし,経理部,37,304270,TOEIC600点以上
池上,秋霞,いけがみ,しゅうか,女性,なし,経理部,36,376697,
田島,広夢,たじま,ひろむ,男性,なし,経理部,33,233886,
大木,由美夏,おおき,ゆみか,女性,なし,経理部,28,303844,簿記3級
伊東,海星,いとう,かいせい,男性,なし,経理部,24,264999,
徳田,裕未,とくだ,ひろみ,女性,なし,経理部,34,397624,基本情報技術者
岡村,麗舞,おかむら,れま,女性,なし,経理部,32,250290,MOS
上野,苑子,うえの,そのこ,女性,なし,経理部,35,378773,
西山,一葉,にしやま,かずよ,女性,なし,経理部,21,270680,
服部,憲一,はっとり,けんいち,男性,なし,経理部,37,379809,基本情報技術者
辻,由美香,つじ,ゆみか,女性,なし,経理部,25,399136,基本情報技術者
大野,巳奈戸,おおの,みなと,女性,なし,経理部,23,380218,
菊池,花華,きくち,かはな,女性,なし,経理部,39,366936,
平岡,涼雅,ひらおか,りょうが,男性,なし,経理部,25,246692,
久保,璃羅,くぼ,りら,女性,なし,経理部,34,303554,MOS
吉岡,俊秀,よしおか,としひで,男性,なし,経理部,31,215151,MOS
西原,秀司,にしはら,しゅうじ,男性,なし,経理部,23,261395,MOS
青柳,玲矢,あおやぎ,れいや,女性,なし,経理部,32,241278,基本情報技術者
大崎,公史,おおさき,ひろし,男性,なし,経理部,25,334176,
荒井,和喜,あらい,かずき,男性,なし,経理部,40,363905,TOEIC600点以上
小柳,隆行,こやなぎ,たかゆき,男性,なし,経理部,30,322018,
豊田,羽叶,とよだ,わかな,女性,なし,経理部,22,360372,簿記3級
榎本,晶絵,えのもと,あきえ,女性,なし,経理部,28,229680,
篠原,正真,しのはら,しょうま,男性,なし,経理部,31,387213,TOEIC600点以上
石原,小暖,いしはら,こはる,女性,なし,経理部,35,348302,
大内,昇,おおうち,のぼる,男性,なし,経理部,26,283242,MOS
出口,友樹,でぐち,ともき,男性,なし,経理部,26,230308,
松田,優斗,まつだ,ゆうと,男性,なし,経理部,26,237792,簿記3級
庄司,光雄,しょうじ,みつお,男性,なし,経理部,40,349825,
菊地,大祐,きくち,だいすけ,男性,なし,経理部,40,236177,MOS
本多,聖,ほんだ,せい,男性,なし,経理部,29,358641,英検2級以上
福井,哲雄,ふくい,てつお,男性,なし,経理部,36,323298,
河村,有夏,かわむら,ゆか,女性,なし,経理部,26,377766,MOS
谷口,菜瑠,やぐち,なる,女性,なし,経理部,37,262047,
三宅,真之輔,みやけ,しんのすけ,男性,なし,経理部,26,330341,TOEIC600点以上
野中,奈歩,のなか,なお,女性,なし,経理部,36,341537,
島村,瑞穗,しまむら,みずほ,女性,なし,経理部,31,302201,TOEIC600点以上
島崎,嘉彦,しまざき,よしひこ,男性,なし,経理部,34,333904,
金田,音枝,かねだ,おとえ,女性,なし,経理部,27,352367,
安達,誠宏,あだち,あきひろ,男性,なし,経理部,20,347355,
石崎,畔奈,いしざき,はんな,女性,なし,経理部,40,369219,
古川,迅,ふるかわ,じん,男性,なし,経理部,28,377999,簿記3級
大塚,好洋,おおつか,よしひろ,男性,なし,経理部,30,279792,
岡野,南果,おかの,なみか,女性,なし,経理部,38,224929,
山根,要葉,やまね,やすは,女性,なし,経理部,27,272415,
富田,保仁,とみた,もとやす,男性,なし,経理部,29,204654,
白井,摩季,しらい,まき,女性,なし,経理部,27,254736,TOEIC600点以上
市川,壮一郎,いちかわ,そういちろう,男性,なし,経理部,30,342977,TOEIC600点以上
児玉,紗新,こだま,さあら,女性,なし,経理部,31,383341,
及川,誠宏,おいかわ,あきひろ,男性,なし,経理部,21,384579,TOEIC600点以上
堀田,樹鈴,ほった,じゅりん,女性,なし,経理部,39,390147,基本情報技術者
高瀬,璃玖,たかせ,りく,女性,なし,経理部,32,250278,簿記3級
畠山,理玖,はたけやま,りく,男性,なし,経理部,35,227729,簿記3級
川崎,泰誠,かわさき,たいせい,男性,なし,経理部,26,373661,TOEIC600点以上
吉田,茉結,よしだ,まい,女性,なし,経理部,24,253317,
林,碧深,はやし,あおみ,女性,なし,経理部,31,386505,
岩瀬,和幸,いわせ,かずゆき,男性,なし,経理部,23,267141,
大槻,庸孝,おおつき,のぶたか,男性,なし,経理部,27,355747,
上田,一夫,うえだ,かずお,男性,なし,経理部,25,372481,
石崎,義信,いしざき,よしのぶ,男性,なし,経理部,23,291997,
黒沢,淑未,くろさわ,よしみ,女性,なし,経理部,30,349003,
児玉,慧太,こだま,けいた,男性,なし,経理部,32,215382,
新井,咲江,あらい,さきえ,女性,なし,経理部,40,375887,TOEIC600点以上
佐藤,竜之介,さとう,りゅうのすけ,男性,なし,経理部,24,309363,
馬場,麗温,ばば,りおん,女性,なし,経理部,40,302474,基本情報技術者
大槻,博規,おおつき,ひろき,男性,なし,経理部,36,329637,簿記3級
丸山,澄乃,まるやま,すみの,女性,なし,経理部,31,284450,
松島,孝美,まつしま,たかみ,男性,なし,経理部,31,377702,
下田,風翠,しもだ,ふみ,女性,なし,経理部,36,253653,基本情報技術者
長谷川,羽耶,はせがわ,はや,女性,なし,経理部,24,270913,
浜野,珠緒,はまの,みほ,女性,なし,経理部,34,309029,英検2級以上
足立,正一,あだち,しょういち,男性,なし,経理部,32,398236,MOS
宮本,遼真,みやもと,りょうま,男性,なし,経理部,40,217074,MOS
中島,竜也,なかじま,たつや,男性,なし,経理部,23,213883,
稲垣,琉聖,いながき,りゅうせい,男性,なし,経理部,39,338369,英検2級以上
鈴木,路敏,すずき,ろびん,男性,なし,経理部,20,336215,TOEIC600点以上
細川,桂江,ほそかわ,かずえ,女性,なし,経理部,28,311664,簿記3級
上原,奏斗,うえはら,かなと,男性,なし,経理部,36,255529,
川村,文海,かわむら,あみ,女性,なし,経理部,29,363022,TOEIC600点以上
町田,想,まちだ,そう,男性,なし,経理部,20,335415,MOS
富田,希伊子,とみた,きいこ,女性,なし,経理部,30,231263,TOEIC600点以上
石崎,保宏,いしざき,もりひろ,男性,なし,経理部,35,352944,英検2級以上
大久保,幸佳,おおくぼ,さちか,女性,なし,経理部,35,399825,
稲田,康暢,いなだ,やすのぶ,男性,なし,経理部,29,389256,
平井,雄平,ひらい,ゆうへい,男性,なし,経理部,33,255080,
矢島,水梨,やじま,みどり,女性,なし,経理部,20,283666,
平田,遼太朗,ひらた,りょうたろう,男性,なし,経理部,28,381801,基本情報技術者
山岡,麻聖,やまおか,あさみ,女性,なし,経理部,38,286178,英検2級以上
木村,顕士,きむら,けんじ,男性,なし,経理部,24,347991,簿記3級
森本,和千,もりもと,かずち,女性,なし,経理部,30,301650,
森川,京乃,もりかわ,みやの,女性,なし,経理部,31,321977,
遠藤,満典,えんどう,みつのり,男性,なし,経理部,30,241031,
小山,流星,こやま,りゅうせい,男性,なし,経理部,37,222198,
佐藤,忠,さとう,ただし,男性,なし,経理部,25,234651,
今村,亜久里,いまむら,あぐり,男性,なし,経理部,33,278473,
徳永,美桜,とくなが,みおう,女性,なし,経理部,21,307325,英検2級以上
溝口,由彗,みぞぐち,ゆえ,女性,なし,経理部,39,235695,基本情報技術者
堤,枝里,つつみ,しおり,女性,なし,経理部,26,234232,
南,夕槻,みなみ,ゆずき,女性,なし,経理部,26,232519,
前田,光輝,まえだ,こうき,男性,なし,経理部,30,257000,簿記3級
荒木,聡理,あらき,さとり,女性,なし,経理部,32,326248,
浅田,愛都,あさだ,まなと,女性,なし,経理部,22,341651,MOS
今井,大翔,いまい,だいと,男性,部長,営業部,65,677900,基本情報技術者
秋元,桃華,あきもと,ももか,女性,課長,営業部,49,539436,TOEIC600点以上
木村,音楽,きむら,みゆう,女性,課長,営業部,52,569602,簿記3級
堀口,良二,ほりぐち,りょうじ,男性,課長,営業部,51,511670,MOS
松本,志弦,まつもと,しづる,女性,課長,営業部,54,583252,TOEIC600点以上
松岡,伶亜,まつおか,れいあ,女性,課長,営業部,45,558774,MOS
秋元,知亜紀,あきもと,ちあき,女性,課長,営業部,47,542650,
村上,朝恵,むらかみ,あさえ,女性,課長,営業部,50,553181,TOEIC600点以上
北野,明葵,きたの,あき,女性,課長,営業部,45,504687,
窪田,史絵,くぼた,りえ,女性,課長,営業部,45,521710,
新谷,弘稔,あらや,ひろとし,男性,課長,営業部,46,558703,基本情報技術者
大島,岳,おおしま,がく,男性,係長,営業部,37,428523,簿記3級
岸本,紗永,きしもと,さえ,女性,係長,営業部,39,445008,
大田,知重,おおた,ともえ,女性,係長,営業部,42,484912,簿記3級
星野,章葉,ほしの,あきは,女性,なし,営業部,34,222539,英検2級以上
志村,賢二,しむら,けんじ,男性,なし,営業部,20,293656,基本情報技術者
高松,虹幸,たかまつ,こゆき,女性,なし,営業部,38,275867,
須田,央那,すだ,ひろな,女性,なし,営業部,37,298841,簿記3級
今村,凌真,いまむら,りょうま,男性,なし,営業部,21,268233,
福井,勇,ふくい,いさむ,男性,なし,営業部,29,351654,TOEIC600点以上
田原,豊隆,たはら,とよたか,男性,なし,営業部,40,341421,MOS
吉沢,晶己,よしざわ,しょうこ,女性,なし,営業部,37,221431,英検2級以上
山岸,志芳,やまぎし,しほ,女性,なし,営業部,26,287399,
豊田,窓可,とよだ,まどか,女性,なし,営業部,34,313065,
石黒,琴羽,いしぐろ,ことは,女性,なし,営業部,22,314332,TOEIC600点以上
平田,孝行,ひらた,たかゆき,男性,なし,営業部,22,375582,
中沢,夏桜,なかざわ,なお,女性,なし,営業部,25,285111,
藤田,百咲,ふじた,ひさき,女性,なし,営業部,24,254605,簿記3級
島田,悠輔,しまだ,ゆうすけ,男性,なし,営業部,36,256359,
竹田,昇平,たけた,しょうへい,男性,なし,営業部,39,320864,
稲垣,葵来,いながき,きら,女性,なし,営業部,23,227131,
宮下,星奈,みやした,せな,女性,なし,営業部,29,229502,TOEIC600点以上
谷,遼太朗,たに,りょうたろう,男性,なし,営業部,28,318981,
原田,伸樹,はらだ,のぶき,男性,なし,営業部,20,305890,英検2級以上
松田,蓮,まつだ,れん,男性,なし,営業部,30,295465,MOS
牧野,繭希,まきの,まゆき,女性,なし,営業部,34,388699,簿記3級
渡部,光義,わたなべ,みつよし,男性,なし,営業部,34,228804,
土井,采南,どい,あやな,女性,なし,営業部,24,347865,
緒方,友也,おがた,ともや,男性,なし,営業部,37,331385,
谷川,藍斗,たにがわ,あいと,男性,なし,営業部,21,320271,基本情報技術者
伊藤,摩乃,いとう,まの,女性,なし,営業部,36,376451,
向井,麻水,むかい,あさみ,女性,なし,営業部,39,332262,MOS
菅野,妙於,かんの,みお,女性,なし,営業部,39,274417,英検2級以上
津田,正人,つだ,まさと,男性,なし,営業部,21,314895,TOEIC600点以上
大内,響月,おおうち,ひびき,女性,なし,営業部,25,209568,
三好,秀太,みよし,しゅうた,男性,なし,営業部,22,240082,TOEIC600点以上
畠山,洋菜,はたけやま,ひろな,女性,なし,営業部,33,207915,英検2級以上
中川,冷音,なかがわ,れおん,女性,なし,営業部,23,316083,
吉沢,知果,よしざわ,ちか,女性,なし,営業部,35,217138,
塚田,一久,つかだ,かずひさ,男性,なし,営業部,20,241679,MOS
畑中,藍月,はたなか,あいか,女性,なし,営業部,33,371510,
西原,郁苗,にしはら,ふみな,女性,なし,営業部,30,287587,
島田,満男,しまだ,みつお,男性,なし,営業部,34,334899,基本情報技術者
松崎,祐見,まつざき,ゆみ,女性,なし,営業部,26,323265,英検2級以上
西原,朝水,にしはら,あさみ,女性,なし,営業部,22,200091,
滝沢,幹宏,たきざわ,みきひろ,男性,なし,営業部,37,271666,MOS
星,海翔,ほし,かいと,男性,なし,営業部,21,228327,基本情報技術者
黒川,欣也,くろかわ,よしなり,男性,なし,営業部,32,279638,
高橋,昌希,たかはし,あきね,女性,なし,営業部,23,217883,
片桐,良苗,かたぎり,よしか,女性,なし,営業部,28,346997,英検2級以上
井上,颯介,いのうえ,そうすけ,男性,なし,営業部,27,204679,簿記3級
吉岡,真有,よしおか,まゆう,女性,なし,営業部,27,355748,英検2級以上
豊田,見春,とよだ,みはる,女性,なし,営業部,33,223385,基本情報技術者
奥山,未来,おくやま,みらい,男性,なし,営業部,21,372626,
長岡,宥沙,ながおか,ありさ,女性,なし,営業部,27,328784,簿記3級
服部,南歩,はっとり,なほ,女性,なし,営業部,30,220495,
吉村,透,よしむら,とおる,男性,なし,営業部,36,377372,簿記3級
森本,克英,もりもと,かつひで,男性,なし,営業部,30,241452,簿記3級
丹羽,音羽,にわ,おとは,女性,なし,営業部,38,237012,基本情報技術者
白井,米光,しらい,よねみつ,男性,なし,営業部,35,218695,英検2級以上
川端,寛一,かわばた,ひろかず,男性,なし,営業部,20,240985,
森岡,一俊,もりおか,かずとし,男性,なし,営業部,36,301276,
松沢,風雅,まつざわ,ふうが,男性,なし,営業部,29,313611,
斎藤,彰弘,さいとう,あきひろ,男性,なし,営業部,29,331421,
松島,弥江,まつしま,みえ,女性,なし,営業部,39,305366,
松岡,彩央,まつおか,あやお,女性,なし,営業部,20,374618,MOS
田中,怜実,たなか,さとみ,女性,なし,営業部,27,288040,
森本,優生,もりもと,ゆうせい,男性,なし,営業部,32,207740,
服部,夕葵,はっとり,ゆうき,女性,なし,営業部,35,206790,MOS
上田,有三,うえだ,ゆうぞう,男性,なし,営業部,25,266249,
多田,萌風,ただ,もえか,女性,なし,営業部,24,343541,
野田,風登,のだ,ふうと,男性,なし,営業部,31,234081,基本情報技術者
永田,淳華,ながた,じゅんか,女性,なし,営業部,39,217435,
加納,隆昭,かのう,たかあき,男性,なし,営業部,32,264783,MOS
武井,直太郎,たけい,なおたろう,男性,なし,営業部,39,233556,
武井,藻笑,たけい,もえ,女性,なし,営業部,32,274808,
天野,大智,あまの,だいち,男性,なし,営業部,34,388340,TOEIC600点以上
関,直咲,せき,ちさき,女性,なし,営業部,26,206808,
吉田,等,よしだ,ひとし,男性,なし,営業部,25,248312,
竹中,裕樹,たけなか,ゆうき,男性,なし,営業部,24,358979,
金沢,華音,かなざわ,かのん,女性,なし,営業部,27,388268,
渋谷,博樹,しぶや,ひろき,男性,なし,営業部,27,398774,基本情報技術者
安藤,紅春,あんどう,こはる,女性,なし,営業部,33,356176,基本情報技術者
小柳,翔太,こやなぎ,しょうた,男性,なし,営業部,29,283769,
戸田,龍斗,とだ,りゅうと,男性,なし,営業部,31,380115,
須藤,子登,すどう,こと,女性,なし,営業部,26,394780,
山崎,心,やまざき,こころ,男性,なし,営業部,27,291126,
藤井,亜奈睦,ふじい,あなむ,男性,なし,営業部,37,262381,基本情報技術者
石崎,安柚,いしざき,あゆ,女性,なし,営業部,29,363160,
白川,歩香,しらかわ,ほのか,女性,なし,営業部,40,288451,MOS
佐久間,璃久,さくま,りく,男性,なし,営業部,20,290852,TOEIC600点以上
島田,匠翔,しまだ,たくと,男性,なし,営業部,21,283957,
森本,紀香,もりもと,のりか,女性,なし,営業部,39,367536,MOS
大竹,健次,おおたけ,けんじ,男性,なし,営業部,37,271270,
木下,卓郎,きのした,たくろう,男性,なし,営業部,26,350994,英検2級以上
本間,史絵,ほんま,ちかえ,女性,なし,営業部,29,213541,
大場,楓,おおば,かえで,男性,なし,営業部,26,216529,基本情報技術者
尾崎,彪悟,おざき,ひょうご,男性,なし,営業部,25,254501,基本情報技術者
庄司,氷河,しょうじ,ひょうが,男性,なし,営業部,36,301801,
西本,憂来,にしもと,ゆら,女性,なし,営業部,39,385474,
西野,和幸,にしの,かずゆき,男性,なし,営業部,21,363332,基本情報技術者
佐野,那未,さの,なみ,女性,なし,営業部,26,336920,
南,敦恵,みなみ,あつえ,女性,なし,営業部,29,200144,MOS
森,香葉,もり,かよう,女性,なし,営業部,29,235536,MOS
浅井,絢詠,あさい,あやえ,女性,なし,営業部,21,315986,英検2級以上
野田,南実,のだ,みなみ,女性,なし,営業部,25,345281,TOEIC600点以上
坂井,結瑛,さかい,ゆえい,女性,なし,営業部,21,307820,
岡田,美輝奈,おかだ,みきな,女性,なし,営業部,39,310213,
福島,敬隆,ふくしま,のりたか,男性,なし,営業部,23,235513,MOS
川原,和吉,かわら,かずよし,男性,なし,営業部,36,305990,
新谷,佐月,あらや,さつき,女性,なし,営業部,34,332825,
本間,勝太朗,ほんま,かつたろう,男性,なし,営業部,26,214830,基本情報技術者
吉村,璃玖,よしむら,りく,男性,なし,営業部,22,397447,MOS
原,早春,はら,さやか,女性,なし,営業部,23,252029,英検2級以上
町田,礼文,まちだ,れもん,女性,なし,営業部,21,367162,TOEIC600点以上
田中,千空,たなか,ちから,女性,なし,営業部,20,282834,TOEIC600点以上
吉沢,美乃,よしざわ,よしの,女性,なし,営業部,36,282971,TOEIC600点以上
稲田,來音,いなだ,らな,女性,なし,営業部,20,324545,MOS
岡本,久和,おかもと,ひさかず,男性,なし,営業部,37,375578,
原,藍湖,はら,あいこ,女性,なし,営業部,38,206073,英検2級以上
岩田,憲一,いわた,けんいち,男性,なし,営業部,35,234648,
長岡,知裕,ながおか,ともひろ,男性,なし,営業部,30,389747,
吉田,敬輔,よしだ,けいすけ,男性,なし,営業部,33,279272,英検2級以上
筒井,香音,つつい,かのん,女性,なし,営業部,25,391935,MOS
足立,藍唯,あだち,あおい,女性,部長,製造部,65,604068,
柳沢,拓実,やなぎさわ,たくみ,男性,課長,製造部,45,554861,簿記3級
西沢,優汰,にしざわ,ゆうた,男性,課長,製造部,47,500834,
川原,晴斗,かわら,はると,男性,課長,製造部,52,503764,TOEIC600点以上
森,勝信,もり,かつのぶ,男性,課長,製造部,52,529977,簿記3級
岡崎,翔哉,おかざき,しょうや,男性,課長,製造部,53,519516,
古谷,勝嘉,こたに,かつよし,男性,課長,製造部,50,511305,
本多,貴大,ほんだ,たかひろ,男性,課長,製造部,50,589598,
筒井,正真,つつい,しょうま,男性,課長,製造部,55,527035,MOS
中原,亜季,なかはら,あき,女性,課長,製造部,53,554215,
藤村,里優,ふじむら,のあ,女性,課長,製造部,55,583520,
平岡,朋音,ひらおか,ともね,女性,係長,製造部,35,450709,
大平,智之,おおひら,ともゆき,男性,係長,製造部,41,464144,
竹村,陽恵,たけむら,あきえ,女性,係長,製造部,44,440291,TOEIC600点以上
町田,恒浩,まちだ,つねひろ,男性,なし,製造部,39,296479,
野沢,雅昭,のざわ,まさあき,男性,なし,製造部,37,209256,簿記3級
山岸,佳緒,やまぎし,かお,女性,なし,製造部,23,325944,
松沢,歩心,まつざわ,あこ,女性,なし,製造部,35,335996,英検2級以上
桜井,優佑,さくらい,ゆうすけ,男性,なし,製造部,21,309927,基本情報技術者
菊地,渓瑠,きくち,みちる,女性,なし,製造部,26,273611,
吉井,良和,よしい,よしとも,男性,なし,製造部,34,292085,英検2級以上
加藤,有南,かとう,ゆうな,女性,なし,製造部,34,365432,
遠藤,海央,えんどう,みひろ,女性,なし,製造部,37,355628,
大原,康一,おおはら,こういち,男性,なし,製造部,37,256418,
小出,洋平,こいで,ようへい,男性,なし,製造部,34,391864,英検2級以上
石原,佳位,いしはら,かい,女性,なし,製造部,24,280732,基本情報技術者
中西,真未,なかにし,まさみ,女性,なし,製造部,23,391818,英検2級以上
大野,典紗,おおの,のりさ,女性,なし,製造部,24,294484,簿記3級
長谷川,深悠,はせがわ,みゆう,女性,なし,製造部,31,270258,MOS
大竹,恋桃,おおたけ,れもん,女性,なし,製造部,37,247120,TOEIC600点以上
谷本,茉桜,やもと,まお,女性,なし,製造部,20,328401,
大石,寛大,おおいし,かんた,男性,なし,製造部,37,223835,
荒木,禅,あらき,ぜん,男性,なし,製造部,39,327754,MOS
大塚,壮輔,おおつか,そうすけ,男性,なし,製造部,40,374108,
竹中,伸年,たけなか,のぶとし,男性,なし,製造部,33,396744,
平田,実宮,ひらた,みく,女性,なし,製造部,22,323948,
福本,裕立,ふくもと,ひろたつ,男性,なし,製造部,20,322444,
岡野,理賀,おかの,みちか,女性,なし,製造部,27,250125,MOS
林田,清絵,はやしだ,きよえ,女性,なし,製造部,38,393805,
河村,菜笑,かわむら,なえみ,女性,なし,製造部,33,320113,
熊谷,幸久,くまがや,ゆきひさ,男性,なし,製造部,24,302893,
笠原,美哉,かさはら,みや,女性,なし,製造部,34,349514,
村田,慶介,むらた,けいすけ,男性,なし,製造部,24,222689,
山下,由翔,やました,なお,女性,なし,製造部,24,316572,
田口,音羽,たぐち,おとは,女性,なし,製造部,38,251995,簿記3級
飯塚,圭叶,いいづか,けいか,男性,なし,製造部,22,230091,
大野,昂太,おおの,こうた,男性,なし,製造部,23,301623,TOEIC600点以上
吉田,絹世,よしだ,きぬよ,女性,なし,製造部,38,299131,簿記3級
篠原,英次,しのはら,えいじ,男性,なし,製造部,38,327815,
菅,玲新,すげ,れいに,女性,なし,製造部,33,321139,
安達,冴香,あだち,さえか,女性,なし,製造部,37,291561,英検2級以上
小川,慎治,おがわ,しんじ,男性,なし,製造部,37,279360,
千田,三緒,せんだ,みお,女性,なし,製造部,23,388809,英検2級以上
堀江,直記,ほりえ,なおき,男性,なし,製造部,32,349459,
須田,脩悟,すだ,しゅうご,男性,なし,製造部,39,301686,基本情報技術者
山口,朱茜,やまぐち,あかね,女性,なし,製造部,25,283636,
吉本,和馬,よしもと,かずま,男性,なし,製造部,22,282894,英検2級以上
武藤,蒼生,むとう,あおい,男性,なし,製造部,21,325401,英検2級以上
伊藤,真歌,いとう,まなか,女性,なし,製造部,38,392895,
藤岡,義春,ふじおか,よしはる,男性,なし,製造部,24,395440,MOS
浅田,信行,あさだ,のぶゆき,男性,なし,製造部,38,387400,英検2級以上
石川,耀衣,いしかわ,あきい,女性,なし,製造部,23,332142,
田原,康支,たはら,やすし,男性,なし,製造部,24,251395,TOEIC600点以上
稲葉,伸也,いなば,しんや,男性,なし,製造部,36,235359,
庄司,教夫,しょうじ,たかお,男性,なし,製造部,37,376931,TOEIC600点以上
大島,緑夏,おおしま,のりか,女性,なし,製造部,34,312106,英検2級以上
西村,弥安,にしむら,びあん,男性,なし,製造部,21,357690,
佐野,直樹,さの,なおき,男性,なし,製造部,37,336696,
原田,伸哉,はらだ,しんや,男性,なし,製造部,20,234449,
宮沢,裕梨,みやざわ,ゆうり,女性,なし,製造部,36,293405,TOEIC600点以上
三好,佳和,みよし,よしかず,男性,なし,製造部,40,231290,
津田,梨杏,つだ,りあ,女性,なし,製造部,30,201909,TOEIC600点以上
北村,尚夫,きたむら,ひさお,男性,なし,製造部,32,298936,
大野,愛美里,おおの,えみり,女性,なし,製造部,36,306586,簿記3級
加納,泰智,かのう,たいち,男性,なし,製造部,24,362574,
秋山,伸二,あきやま,しんじ,男性,なし,製造部,21,263801,英検2級以上
原田,薫子,はらだ,ゆきこ,女性,なし,製造部,20,288290,MOS
中井,正浩,なかい,まさひろ,男性,なし,製造部,24,353093,
藤本,絢平,ふじもと,じゅんぺい,男性,なし,製造部,21,342850,
松本,嘉緒,まつもと,かお,女性,なし,製造部,37,201489,簿記3級
野田,有那,のだ,ありな,女性,なし,製造部,22,232981,TOEIC600点以上
石原,正那,いしはら,せいな,女性,なし,製造部,30,236254,
片岡,佳博,かたおか,よしひろ,男性,なし,製造部,28,204982,基本情報技術者
岡本,玲桜,おかもと,れお,女性,なし,製造部,28,285195,
古賀,架南,こが,かなみ,女性,なし,製造部,25,238014,MOS
内田,元雄,うちだ,もとお,男性,なし,製造部,36,372274,TOEIC600点以上
比嘉,友悠,ひが,ゆか,女性,なし,製造部,26,218982,英検2級以上
榎本,傑,えのもと,すぐる,男性,なし,製造部,28,210393,MOS
川本,千聖,かわもと,ちせい,女性,なし,製造部,25,334757,
小川,光示,おがわ,けいじ,男性,なし,製造部,33,213850,
森岡,晏里,もりおか,あんり,女性,なし,製造部,23,219177,簿記3級
宮城,紗未,みやぎ,さみ,女性,なし,製造部,35,372255,TOEIC600点以上
上村,直宏,うえむら,なおひろ,男性,なし,製造部,21,250527,
石塚,典子,いしづか,のりこ,女性,なし,製造部,22,377489,簿記3級
長尾,真次,ながお,しんじ,男性,なし,製造部,21,338450,
岩井,蘭織,いわい,かおり,女性,なし,製造部,30,288588,
木下,心平,きのした,しんぺい,男性,なし,製造部,35,349975,
野沢,早夏,のざわ,はやか,女性,なし,製造部,34,285697,
堀口,元太,ほりぐち,げんた,男性,なし,製造部,35,201007,
片桐,昭大,かたぎり,しょうた,男性,なし,製造部,26,397035,英検2級以上
竹村,江留,たけむら,える,女性,なし,製造部,40,352923,
清水,寿彦,しみず,としひこ,男性,なし,製造部,22,363350,基本情報技術者
藤岡,佳樹,ふじおか,よしき,男性,なし,製造部,32,270443,
星野,聖央,ほしの,せな,女性,なし,製造部,28,295764,
長尾,宏明,ながお,ひろあき,男性,なし,製造部,36,362535,簿記3級
西田,駈,にしだ,かける,男性,なし,製造部,32,253689,
島田,納,しまだ,おさむ,男性,なし,製造部,36,252460,TOEIC600点以上
藤岡,暖乃,ふじおか,のの,女性,なし,製造部,24,379284,基本情報技術者
三好,紀佐,みよし,きさ,女性,なし,製造部,21,222333,MOS
久保田,昌士,くぼた,まさし,男性,なし,製造部,28,303367,
筒井,祐愛,つつい,ゆうい,女性,なし,製造部,32,217957,簿記3級
岩田,文哉,いわた,ふみや,男性,なし,製造部,37,217619,英検2級以上
広瀬,駈,ひろせ,かける,男性,なし,製造部,35,295495,基本情報技術者
新井,章展,あらい,あきのぶ,男性,なし,製造部,24,260844,
本田,英一,ほんだ,えいいち,女性,なし,製造部,22,254976,
宮川,麗生,みやがわ,れお,女性,なし,製造部,24,369556,
小池,夕巳,こいけ,ゆうみ,女性,なし,製造部,40,217816,MOS
西沢,奈美恵,にしざわ,なみえ,女性,なし,製造部,29,398048,
小西,賢,こにし,まさる,男性,なし,製造部,24,360600,英検2級以上
大西,行男,おおにし,ゆきお,男性,なし,製造部,28,385849,
菅原,妃生,すがはら,ひろみ,女性,なし,製造部,22,286633,
原口,好洋,はらぐち,よしひろ,男性,なし,製造部,20,356476,TOEIC600点以上
大橋,麗結,おおはし,らむ,女性,なし,製造部,33,320016,
森本,寛晃,もりもと,ひろあき,男性,なし,製造部,37,271634,基本情報技術者
多田,智輝,ただ,ともき,男性,なし,製造部,32,360813,基本情報技術者
島村,守道,しまむら,もりみち,男性,なし,製造部,33,359757,英検2級以上
田村,蓬,たむら,よもぎ,女性,なし,製造部,21,363544,TOEIC600点以上
藤田,智水,ふじた,ともみ,女性,なし,製造部,28,239972,
内山,琉羅,うちやま,るら,女性,なし,製造部,31,248579,MOS
横山,蒼太,よこやま,そうた,男性,なし,製造部,33,377817,
桑原,結賀,くわはら,ゆか,女性,なし,製造部,34,308013,TOEIC600点以上
高橋,浩司,たかはし,こうじ,男性,なし,製造部,39,233708,英検2級以上
徳永,公絵,とくなが,きみえ,女性,なし,製造部,21,222082,
荒木,和砂,あらき,かずさ,女性,なし,製造部,34,265530,
安藤,雅絵,あんどう,まさえ,女性,部長,販売部,59,644786,簿記3級
三輪,太朗,みわ,たろう,男性,課長,販売部,55,529984,
向井,実映,むかい,みはえ,女性,課長,販売部,46,504295,
川本,夕季,かわもと,ゆき,女性,課長,販売部,55,565431,英検2級以上
武田,慶一,たけだ,けいいち,男性,課長,販売部,49,592746,TOEIC600点以上
福田,都志,ふくだ,とし,男性,課長,販売部,55,517801,
比嘉,真司,ひが,しんじ,男性,課長,販売部,45,551102,
近藤,和輝,こんどう,かずき,男性,課長,販売部,50,508484,基本情報技術者
塚本,氷河,つかもと,ひょうが,男性,課長,販売部,45,590136,
山岸,知良,やまぎし,ともよ,女性,課長,販売部,45,544510,基本情報技術者
山岡,喜絵,やまおか,きえ,女性,課長,販売部,47,568572,
岸本,満里子,きしもと,まりこ,女性,係長,販売部,41,494725,TOEIC600点以上
遠藤,咲枝,えんどう,さえ,女性,係長,販売部,39,452087,基本情報技術者
岡野,祥加,おかの,さちか,女性,係長,販売部,38,410781,TOEIC600点以上
中野,朝霞,なかの,あさか,女性,なし,販売部,30,283055,
北川,亜紅,きたがわ,あこ,女性,なし,販売部,38,224884,
西,実紀,にし,みき,女性,なし,販売部,33,236873,
石田,光久,いしだ,みつひさ,男性,なし,販売部,22,376793,英検2級以上
竹村,霧霞,たけむら,みずき,女性,なし,販売部,35,276797,
福田,渚夏,ふくだ,しな,女性,なし,販売部,35,241664,
三宅,佐紗,みやけ,さしゃ,女性,なし,販売部,27,251389,TOEIC600点以上
河原,藍衣,かわはら,あい,女性,なし,販売部,28,354165,簿記3級
小泉,良晴,こいずみ,よしはる,男性,なし,販売部,40,252864,
千田,賢,せんだ,まさる,男性,なし,販売部,26,345660,MOS
長野,一道,ながの,かずみち,男性,なし,販売部,25,348882,
藤田,静鈴,ふじた,しずり,女性,なし,販売部,25,235803,
小柳,梨世,こやなぎ,りよ,女性,なし,販売部,21,385170,
小島,泰奈,こじま,やすな,女性,なし,販売部,40,255952,
近藤,慎也,こんどう,しんや,男性,なし,販売部,27,325286,
北原,倭央,きたはら,わお,男性,なし,販売部,34,334750,英検2級以上
小原,幸雄,おばら,さちお,男性,なし,販売部,33,205570,簿記3級
須田,孝治,すだ,こうじ,男性,なし,販売部,28,385127,
横山,怜士,よこやま,れいじ,男性,なし,販売部,35,217593,MOS
坂口,匠翔,さかぐち,たくと,男性,なし,販売部,27,272826,
伊藤,俊吾,いとう,しゅんご,男性,なし,販売部,23,209658,
松野,雅行,まつの,まさゆき,男性,なし,販売部,30,248485,
白石,欣司,しらいし,きんじ,男性,なし,販売部,24,242796,
深沢,敦志,ふかざわ,あつし,男性,なし,販売部,20,349357,
小山,顕治,こやま,けんじ,男性,なし,販売部,23,357472,英検2級以上
福本,梨乃,ふくもと,りの,女性,なし,販売部,34,360741,TOEIC600点以上
田原,法孝,たはら,のりたか,男性,なし,販売部,36,376308,MOS
岩瀬,希海,いわせ,のぞみ,女性,なし,販売部,33,258406,TOEIC600点以上
平田,咲穗,ひらた,さほ,女性,なし,販売部,21,272621,
河村,友舞,かわむら,ゆま,女性,なし,販売部,35,362069,MOS
倉田,璃依,くらた,りい,女性,なし,販売部,30,396231,
山下,比呂之,やました,ひろゆき,男性,なし,販売部,36,364870,
湯浅,匠吾,ゆあさ,しょうご,男性,なし,販売部,26,325091,
土田,悠仁,つちだ,ゆうじん,男性,なし,販売部,37,378123,基本情報技術者
星,清心,ほし,きよこ,女性,なし,販売部,37,221758,
松尾,浩司,まつお,こうじ,男性,なし,販売部,26,352164,
小倉,弥依,おぐら,やえ,女性,なし,販売部,38,346943,
岡村,峰華,おかむら,みねか,女性,なし,販売部,36,248466,
天野,那江,あまの,ともえ,女性,なし,販売部,36,387897,簿記3級
西本,恵弓,にしもと,めぐみ,女性,なし,販売部,35,227708,
高松,由絵,たかまつ,よしえ,女性,なし,販売部,30,284974,簿記3級
竹村,央人,たけむら,おと,男性,なし,販売部,21,241389,基本情報技術者
松下,南帆,まつした,みなみ,女性,なし,販売部,33,251249,
堀口,雅裕,ほりぐち,まさひろ,男性,なし,販売部,36,339969,英検2級以上
熊谷,良忠,くまがや,よしただ,男性,なし,販売部,39,379709,
二宮,稜真,にのみや,りょうま,男性,なし,販売部,31,332183,
吉野,理香,よしの,りか,女性,なし,販売部,32,223870,
川田,知宏,かわた,ともひろ,男性,なし,販売部,26,314590,
土井,李咲,どい,りさき,女性,なし,販売部,30,289065,
加納,霧霞,かのう,みずき,女性,なし,販売部,26,320826,
飯塚,玲来,いいづか,れら,女性,なし,販売部,40,246195,
広田,峻輔,ひろた,しゅんすけ,男性,なし,販売部,39,229158,MOS
前川,砂菜,まえかわ,さな,女性,なし,販売部,32,385182,
根岸,博幸,ねぎし,ひろゆき,男性,なし,販売部,25,203047,
宮川,那緒,みやがわ,なお,女性,なし,販売部,25,334817,TOEIC600点以上
川崎,稔勝,かわさき,としかつ,男性,なし,販売部,25,316185,TOEIC600点以上
高瀬,智規,たかせ,ともき,男性,なし,販売部,33,371833,
新井,広泰,あらい,ひろやす,男性,なし,販売部,26,215442,TOEIC600点以上
比嘉,南果,ひが,みなみ,女性,なし,販売部,24,267234,TOEIC600点以上
吉沢,沙夏,よしざわ,さなつ,女性,なし,販売部,33,307659,簿記3級
永田,久紀,ながた,ひさのり,男性,なし,販売部,27,394527,簿記3級
吉田,遥基,よしだ,はるき,男性,なし,販売部,33,245320,英検2級以上
武田,隆生,たけだ,たかお,男性,なし,販売部,23,398376,
福本,和斗,ふくもと,かずと,男性,なし,販売部,36,291121,
竹下,愛祐,たけした,あゆ,女性,なし,販売部,31,352659,英検2級以上
竹下,美珠梨,たけした,みしゅり,女性,なし,販売部,30,396281,MOS
浜口,美奈,はまぐち,みな,女性,なし,販売部,39,237748,
中村,愛弓,なかむら,あゆ,女性,なし,販売部,30,353335,基本情報技術者
古田,由紀彦,ふるた,ゆきひこ,男性,なし,販売部,22,372664,英検2級以上
寺田,采知,てらだ,さち,女性,なし,販売部,27,279165,英検2級以上
塚本,依夏,つかもと,よりか,女性,なし,販売部,32,228549,
野沢,泰幸,のざわ,やすゆき,男性,なし,販売部,33,397173,基本情報技術者
田原,光永,たはら,ひなた,女性,なし,販売部,20,247064,TOEIC600点以上
宮内,竜也,みやうち,たつや,男性,なし,販売部,36,345946,
高橋,瞭,たかはし,りょう,男性,なし,販売部,39,214434,基本情報技術者
三好,正三,みよし,しょうぞう,男性,なし,販売部,36,291253,
工藤,幸法,くどう,ゆきのり,男性,なし,販売部,31,215617,
堀口,柚摩,ほりぐち,ゆま,女性,なし,販売部,24,308676,MOS
中山,玲歩,なかやま,れほ,女性,なし,販売部,35,317826,基本情報技術者
岡野,朱真,おかの,すま,女性,なし,販売部,22,265386,MOS
三浦,玲子,みうら,れいこ,女性,なし,販売部,35,325152,
安藤,敦実,あんどう,あつみ,女性,なし,販売部,31,243947,
徳田,祐哉,とくだ,ゆうや,男性,なし,販売部,30,213072,
藤村,依弥,ふじむら,えみ,女性,なし,販売部,32,334869,
宇野,蒔希,うの,まき,女性,なし,販売部,24,304012,
島村,浩樹,しまむら,ひろき,男性,なし,販売部,20,359165,基本情報技術者
石井,菜美,いしい,つくみ,女性,なし,販売部,33,374630,
栗田,秀章,くりた,ひであき,男性,なし,販売部,34,202643,基本情報技術者
岩田,悦郎,いわた,えつろう,男性,なし,販売部,28,297465,簿記3級
石崎,直宏,いしざき,なおひろ,男性,なし,販売部,32,361734,基本情報技術者
畠山,寛大,はたけやま,かんた,男性,なし,販売部,20,344924,
岡村,賢太,おかむら,けんた,男性,なし,販売部,35,213860,
清水,春葉,しみず,はるは,女性,なし,販売部,34,292749,
堤,萌美,つつみ,もみ,女性,なし,販売部,38,396539,MOS
藤岡,連,ふじおか,れん,男性,なし,販売部,24,258869,簿記3級
比嘉,小葵,ひが,さき,女性,なし,販売部,32,288308,MOS
関口,菜理,せきぐち,さいり,女性,なし,販売部,20,267233,
佐々木,秦矢,ささき,しんや,男性,なし,販売部,21,293026,TOEIC600点以上
北島,心,きたじま,こころ,男性,なし,販売部,29,351585,
石塚,光遥,いしづか,みはる,女性,なし,販売部,29,238103,
津田,崇人,つだ,たかひと,男性,なし,販売部,30,385614,
榊原,洋江,さかきばら,ようこ,女性,なし,販売部,37,322034,MOS
藤野,伸治,ふじの,しんじ,男性,なし,販売部,34,345691,
鶴田,直花,つるた,なおか,女性,なし,販売部,26,392910,基本情報技術者
福岡,蘭沙,ふくおか,らさ,女性,なし,販売部,38,213683,MOS
西川,世夏,にしかわ,せな,女性,なし,販売部,27,248774,
坂本,海里風,さかもと,かりぶ,男性,なし,販売部,25,284493,
木村,紅圭,きむら,もみか,女性,なし,販売部,30,316954,MOS
林田,弘毅,はやしだ,こうき,男性,なし,販売部,37,205622,TOEIC600点以上
浜田,真優,はまだ,まゆ,女性,なし,販売部,21,342804,
黒木,厚志,くろき,あつし,男性,なし,販売部,27,370259,
小坂,正利,こさか,まさとし,男性,なし,販売部,37,360076,英検2級以上
出口,晃一,でぐち,こういち,男性,なし,販売部,21,243122,基本情報技術者
藤村,義彦,ふじむら,よしひこ,男性,なし,販売部,38,251702,基本情報技術者
藤沢,璃,ふじさわ,りい,女性,なし,販売部,36,379284,TOEIC600点以上
松本,令湖,まつもと,れいこ,女性,なし,販売部,26,394344,
篠原,瑞惠,しのはら,みずえ,女性,なし,販売部,24,382138,TOEIC600点以上
前田,綾峰,まえだ,あやみ,女性,なし,販売部,35,237240,
村瀬,清司,むらせ,きよし,男性,なし,販売部,36,254059,
倉田,成洋,くらた,なりひろ,男性,なし,販売部,30,384842,TOEIC600点以上
杉本,歩紀,すぎもと,あゆき,女性,部長,開発部,61,679803,
近藤,望,こんどう,のぞみ,男性,課長,開発部,46,570721,
大平,玲果,おおひら,れいか,女性,課長,開発部,48,581794,TOEIC600点以上
石山,美岐,いしやま,みさき,女性,課長,開発部,52,587383,基本情報技術者
園田,真史,そのだ,まお,女性,課長,開発部,48,587319,
西野,紀之,にしの,のりゆき,男性,課長,開発部,48,546388,MOS
伊藤,良久,いとう,よしひさ,男性,課長,開発部,53,596015,MOS
木村,心麗,きむら,みれい,女性,課長,開発部,50,537964,
永井,彰音,ながい,あきね,女性,課長,開発部,47,595503,
田中,総恵,たなか,ふさえ,女性,課長,開発部,54,589879,簿記3級
山崎,絵流,やまざき,える,女性,課長,開発部,49,544124,
池田,規加,いけだ,みか,女性,係長,開発部,37,466885,
相馬,春樹,そうま,はるき,男性,係長,開発部,39,499448,
早川,春来,はやかわ,はるな,女性,係長,開発部,41,424307,MOS
落合,真里,おちあい,まり,女性,なし,開発部,37,283477,英検2級以上
亀井,充麗,かめい,みれい,女性,なし,開発部,31,224860,TOEIC600点以上
堀,篤人,ほり,あつと,男性,なし,開発部,33,382209,
高野,雅弘,こうの,まさひろ,男性,なし,開発部,37,320106,
杉田,深也,すぎた,しんや,男性,なし,開発部,40,219316,
甲斐,雅治,かい,まさはる,男性,なし,開発部,21,203784,TOEIC600点以上
岡田,天里,おかだ,あめり,女性,なし,開発部,27,277390,
藤川,光郷,ふじかわ,みさと,女性,なし,開発部,38,386484,
岡,有紗,おか,ありさ,女性,なし,開発部,35,231108,
相馬,遥大,そうま,はると,男性,なし,開発部,25,211705,英検2級以上
堀内,晶衣,ほりうち,あきえ,女性,なし,開発部,40,346793,MOS
松島,勝利,まつしま,しょうり,男性,なし,開発部,36,378471,
島村,波映,しまむら,なみえ,女性,なし,開発部,22,220750,簿記3級
宮本,颯,みやもと,そよか,女性,なし,開発部,20,285785,英検2級以上
松野,遙斗,まつの,りょうと,男性,なし,開発部,28,223375,MOS
瀬戸,彩可,せと,あやか,女性,なし,開発部,24,339756,基本情報技術者
坂井,修哉,さかい,しゅうや,男性,なし,開発部,33,295760,
大槻,里桜,おおつき,りさ,女性,なし,開発部,20,354893,
岩井,瑠菜,いわい,もな,女性,なし,開発部,36,246646,基本情報技術者
星,隆徳,ほし,たかのり,男性,なし,開発部,25,355371,
岡野,成年,おかの,なりとし,男性,なし,開発部,34,277013,TOEIC600点以上
原田,綾織,はらだ,あやお,女性,なし,開発部,38,200885,TOEIC600点以上
藤野,優翔,ふじの,ゆうと,男性,なし,開発部,36,240242,
岩崎,珠凛,いわさき,しゅり,女性,なし,開発部,37,357968,
笠原,琴珠,かさはら,ことみ,女性,なし,開発部,31,248027,TOEIC600点以上
松永,匡良,まつなが,くによし,男性,なし,開発部,37,376916,
田原,牧映,たはら,まきえ,女性,なし,開発部,33,238336,
浅井,元,あさい,はじめ,男性,なし,開発部,29,272300,MOS
相沢,芹江,あいざわ,せりえ,女性,なし,開発部,30,223344,簿記3級
横田,賢斗,よこた,けんと,男性,なし,開発部,21,288478,
山中,映菜,やまなか,はるな,女性,なし,開発部,28,258434,
森山,安弘,もりやま,やすひろ,男性,なし,開発部,24,346281,基本情報技術者
茂木,康平,もぎ,こうへい,男性,なし,開発部,35,215592,
向井,敬,むかい,たかし,男性,なし,開発部,24,219403,
岡部,信行,おかべ,のぶゆき,男性,なし,開発部,39,204509,
水野,良貴,みずの,よしき,男性,なし,開発部,30,343424,TOEIC600点以上
関,彩香,せき,あやか,女性,なし,開発部,33,361931,
相沢,瀬璃,あいざわ,せり,女性,なし,開発部,29,224836,TOEIC600点以上
丸山,悠雅,まるやま,ゆうが,男性,なし,開発部,22,203670,TOEIC600点以上
永野,悠翔,ながの,ゆうと,男性,なし,開発部,27,284390,MOS
大平,理俊,おおひら,ただとし,男性,なし,開発部,20,238860,基本情報技術者
上村,純永,うえむら,よしえ,女性,なし,開発部,39,251872,
今野,宣子,いまの,のりこ,女性,なし,開発部,21,333870,MOS
田原,史未,たはら,あやみ,女性,なし,開発部,38,319376,
窪田,大仁,くぼた,ひろひと,男性,なし,開発部,27,234737,
大木,郁苗,おおき,かなえ,女性,なし,開発部,37,320635,TOEIC600点以上
須田,達博,すだ,たつひろ,男性,なし,開発部,38,263296,簿記3級
中本,悠成,なかもと,ゆうせい,男性,なし,開発部,36,211412,
岡崎,悠汰,おかざき,ゆうた,男性,なし,開発部,32,260246,簿記3級
近藤,糸優,こんどう,しゅう,女性,なし,開発部,39,211270,
安部,来夢,あべ,らいむ,男性,なし,開発部,25,319266,
小西,吉香,こにし,よしか,女性,なし,開発部,37,300725,
小倉,章子,おぐら,しょうこ,女性,なし,開発部,20,225502,
小松,大輝,こまつ,ともき,男性,なし,開発部,32,269365,
根岸,幸法,ねぎし,ゆきのり,男性,なし,開発部,34,331316,簿記3級
河原,太陽,かわはら,ひかる,男性,なし,開発部,33,252564,英検2級以上
浅井,真悟,あさい,しんご,男性,なし,開発部,39,271794,簿記3級
吉岡,遥嘉,よしおか,はるか,女性,なし,開発部,32,276101,MOS
亀井,結栄,かめい,ゆえ,女性,なし,開発部,32,319552,英検2級以上
坂田,祐太,さかた,ゆうた,男性,なし,開発部,38,239592,MOS
多田,佳久,ただ,よしひさ,男性,なし,開発部,39,238190,
田畑,史夏,たばた,みか,女性,なし,開発部,31,319699,英検2級以上
野中,洋佳,のなか,ひろか,女性,なし,開発部,25,243112,英検2級以上
津田,匠翔,つだ,たくと,男性,なし,開発部,37,235600,英検2級以上
豊田,伊吹,とよだ,いぶき,男性,なし,開発部,35,220611,基本情報技術者
中沢,羽琉,なかざわ,るる,女性,なし,開発部,20,260710,
石黒,千喜,いしぐろ,ちき,女性,なし,開発部,25,336630,英検2級以上
藤村,沙笑,ふじむら,さえみ,女性,なし,開発部,28,316617,MOS
森田,泉江,もりた,しずえ,女性,なし,開発部,33,311991,
東,智颯,あずま,ちはや,女性,なし,開発部,30,396410,TOEIC600点以上
小池,亜奈睦,こいけ,あなむ,男性,なし,開発部,26,306698,
石井,亮太,いしい,りょうた,男性,なし,開発部,33,217669,
松井,政美,まつい,まさみ,男性,なし,開発部,34,220167,TOEIC600点以上
山岸,萌,やまぎし,もえ,男性,なし,開発部,30,333595,英検2級以上
岸本,麟太郎,きしもと,りんたろう,男性,なし,開発部,30,301898,
榎本,恵望,えのもと,めぐみ,女性,なし,開発部,28,299588,MOS
天野,仁恵,あまの,さとえ,女性,なし,開発部,20,302734,
関口,早波,せきぐち,さなみ,女性,なし,開発部,28,211059,
長谷川,菜心,はせがわ,なみ,女性,なし,開発部,31,366206,基本情報技術者
越智,風姫,おち,ふき,女性,なし,開発部,28,342456,
原,一章,はら,かずあき,男性,なし,開発部,35,352380,
臼井,隆緯,うすい,たかい,男性,なし,開発部,38,268351,簿記3級
丸山,架萌,まるやま,かほ,女性,なし,開発部,31,269523,英検2級以上
岡田,紗綾,おかだ,さや,女性,なし,開発部,40,213371,
佐伯,典男,さえき,のりお,男性,なし,開発部,22,332719,TOEIC600点以上
黒川,博,くろかわ,ひろし,男性,なし,開発部,36,244283,TOEIC600点以上
広瀬,深桜,ひろせ,みお,女性,なし,開発部,24,331839,簿記3級
千田,甲子園,せんだ,こうしえん,男性,なし,開発部,36,397985,MOS
渋谷,義征,しぶや,よしゆき,男性,なし,開発部,24,397102,英検2級以上
牧野,裕絵,まきの,ひろえ,女性,なし,開発部,23,347822,TOEIC600点以上
神田,香稲,こうだ,かなえ,女性,なし,開発部,28,385622,基本情報技術者
徳永,音好,とくなが,ねね,女性,なし,開発部,38,250801,英検2級以上
川野,宏次,かわの,こうじ,男性,なし,開発部,32,286152,
笠原,祥世,かさはら,さちよ,女性,なし,開発部,21,360794,
徳田,怜依,とくだ,れい,女性,なし,開発部,26,368510,簿記3級
東,一磨,あずま,かずま,男性,なし,開発部,38,270859,
小柳,侑真,こやなぎ,ゆうま,男性,なし,開発部,34,277403,英検2級以上
飯島,映摩,いいじま,えま,女性,なし,開発部,22,334571,
石崎,知峰,いしざき,ともみ,女性,なし,開発部,37,230984,
清水,譲,しみず,ゆずる,男性,なし,開発部,39,271036,
土井,翔太郎,どい,しょうたろう,男性,なし,開発部,26,258795,簿記3級
奥山,博規,おくやま,ひろき,男性,なし,開発部,20,254138,MOS
永井,雅也,ながい,まさや,男性,なし,開発部,30,279576,MOS
飯田,莉久,いいだ,りく,男性,なし,開発部,39,265381,
小松,祥二,こまつ,しょうじ,男性,なし,開発部,27,252944,
原口,美菜,はらぐち,よしな,女性,なし,開発部,24,361752,TOEIC600点以上
溝口,昇江,みぞぐち,とみえ,女性,なし,開発部,28,371775,MOS
寺島,義成,てらじま,よしなり,男性,なし,開発部,40,265129,
原田,紗帆,はらだ,さほ,女性,なし,開発部,40,245684,
湯浅,達平,ゆあさ,たっぺい,男性,なし,開発部,23,353285,
小泉,一行,こいずみ,かずゆき,男性,なし,開発部,38,331550,TOEIC600点以上
宮城,和紗,みやぎ,かずさ,女性,なし,開発部,22,296845,
稲垣,仁絵,いながき,のりえ,女性,なし,開発部,37,284699,英検2級以上
河村,歩子,かわむら,ふゆね,女性,なし,開発部,28,301175,
岡部,氷河,おかべ,ひょうが,男性,なし,開発部,38,325216,基本情報技術者
井口,吉彰,いぐち,よしあき,男性,なし,開発部,28,302018,基本情報技術者
浅野,祐人,あさの,ゆうと,男性,なし,開発部,38,399510,簿記3級
橋本,英里,はしもと,えり,女性,なし,開発部,34,367468,TOEIC600点以上
畑中,哲雄,はたなか,てつお,男性,なし,開発部,40,276692,
吉本,由帆,よしもと,ゆうほ,女性,なし,開発部,21,277480,
前川,ゆう子,まえかわ,ゆうこ,女性,部長,人事部,55,605418,簿記3級
北村,蛍奈,きたむら,けいな,女性,課長,人事部,49,594361,簿記3級
和田,望,わだ,のぞみ,男性,課長,人事部,48,552193,
植田,彩愛,うえだ,さら,女性,課長,人事部,47,515835,MOS
滝沢,英雄,たきざわ,ひでお,男性,課長,人事部,45,501988,英検2級以上
加藤,真琴,かとう,まこと,男性,課長,人事部,49,506998,TOEIC600点以上
荒木,浩二,あらき,こうじ,男性,課長,人事部,55,524906,
浜野,圭輔,はまの,けいすけ,男性,課長,人事部,55,557921,
飯塚,明日香,いいづか,あすか,男性,課長,人事部,47,528916,基本情報技術者
星,修斗,ほし,しゅうと,男性,課長,人事部,47,560931,英検2級以上
樋口,正紘,ひぐち,まさひろ,男性,課長,人事部,50,598395,簿記3級
木村,秋智,きむら,あきとも,男性,係長,人事部,41,447711,MOS
小西,葵依,こにし,あおい,女性,係長,人事部,39,457213,英検2級以上
古賀,詩生,こが,しき,女性,係長,人事部,44,489764,TOEIC600点以上
武井,李蓉,たけい,りよ,女性,なし,人事部,21,360224,
菊池,晏麗,きくち,あんり,女性,なし,人事部,26,225876,
内田,崇文,うちだ,たかふみ,男性,なし,人事部,28,248346,
根本,好夏,ねもと,このか,女性,なし,人事部,31,253889,簿記3級
高井,絹子,たかい,きぬこ,女性,なし,人事部,26,223010,
石井,広枝,いしい,みつえ,女性,なし,人事部,29,210475,簿記3級
菅原,翠理,すがはら,あおり,女性,なし,人事部,20,232085,
谷,太陽,たに,たいよう,男性,なし,人事部,28,264740,
中沢,将英,なかざわ,まさひで,男性,なし,人事部,29,345457,簿記3級
堀内,健夫,ほりうち,たけお,男性,なし,人事部,33,355685,
大原,和矢,おおはら,かずや,男性,なし,人事部,25,259438,
浜田,佳夏,はまだ,よしか,女性,なし,人事部,31,244326,
川田,彩莉,かわた,あやり,女性,なし,人事部,30,314147,
金沢,梓佐,かなざわ,あずさ,女性,なし,人事部,23,261278,
原,和洋,はら,かずひろ,男性,なし,人事部,40,316329,
古田,達顕,ふるた,たつあき,男性,なし,人事部,25,282534,簿記3級
川野,貫太,かわの,かんた,男性,なし,人事部,35,386471,
尾崎,陽大,おざき,ようた,男性,なし,人事部,37,202690,英検2級以上
沼田,章歩,ぬまた,あきほ,女性,なし,人事部,22,228286,
津田,朋子,つだ,ともこ,女性,なし,人事部,35,325921,簿記3級
吉岡,教夫,よしおか,たかお,男性,なし,人事部,22,359185,
今井,守理,いまい,まもり,男性,なし,人事部,35,293757,TOEIC600点以上
島村,智樹,しまむら,ともき,男性,なし,人事部,31,380159,TOEIC600点以上
永田,亮,ながた,とおる,男性,なし,人事部,25,252123,簿記3級
土屋,真弘,つちや,さだひろ,男性,なし,人事部,22,364573,簿記3級
山中,紫莉,やまなか,ゆかり,女性,なし,人事部,33,346546,
溝口,美知香,みぞぐち,みちか,女性,なし,人事部,32,386780,
菊地,有卯,きくち,ゆう,女性,なし,人事部,29,383866,MOS
三浦,和之,みうら,かずゆき,男性,なし,人事部,22,363063,TOEIC600点以上
成田,聖可,なりた,せいか,女性,なし,人事部,38,235799,英検2級以上
岩田,秀利,いわた,ひでとし,男性,なし,人事部,21,354962,基本情報技術者
堀江,帆夏,ほりえ,ほのか,女性,なし,人事部,35,212236,基本情報技術者
鎌田,愛唯,かまた,あい,女性,なし,人事部,26,225213,英検2級以上
大平,洋輔,おおひら,ようすけ,男性,なし,人事部,23,366995,
内山,笑和,うちやま,えな,女性,なし,人事部,38,291570,MOS
岡村,玖美,おかむら,たまみ,女性,なし,人事部,37,210923,
河野,巌,かわの,げん,男性,なし,人事部,25,279913,MOS
三島,左絵,みしま,さえ,女性,なし,人事部,30,385203,
林田,彰男,はやしだ,あきお,男性,なし,人事部,27,361140,英検2級以上
谷口,仁孝,やぐち,よしたか,男性,なし,人事部,20,335931,
吉野,笑叶,よしの,えれな,女性,なし,人事部,33,270998,TOEIC600点以上
植田,唯理,うえだ,ゆり,女性,なし,人事部,25,346557,英検2級以上
田代,朱香,たしろ,あやか,女性,なし,人事部,23,246394,簿記3級
水野,妃菜希,みずの,ひなき,女性,なし,人事部,37,393094,
瀬戸,采樹,せと,さいじゅ,女性,なし,人事部,24,310305,
山崎,里亜,やまざき,りあ,女性,なし,人事部,36,304960,
小西,秀人,こにし,ひでひと,男性,なし,人事部,35,358314,
篠崎,賢太,しのざき,けんた,男性,なし,人事部,34,324200,MOS
熊谷,絹紗,くまがや,きさ,女性,なし,人事部,24,283199,簿記3級
入江,朱真,いりえ,すま,女性,なし,人事部,37,345148,簿記3級
児玉,咲楽,こだま,さら,女性,なし,人事部,30,298429,簿記3級
泉,汰月,いずみ,たつき,男性,なし,人事部,20,301365,基本情報技術者
河村,敏隆,かわむら,としたか,男性,なし,人事部,40,273420,MOS
川原,竜馬,かわら,りょうま,男性,なし,人事部,37,301682,MOS
山本,家康,やまもと,いえやす,男性,なし,人事部,35,321681,
永井,大慶,ながい,たいけい,男性,なし,人事部,39,265415,英検2級以上
宇野,諭,うの,さとる,男性,なし,人事部,38,371701,英検2級以上
水谷,翔也,みずたに,しょうや,男性,なし,人事部,25,238559,
杉原,光貴,すぎはら,みき,女性,なし,人事部,28,366918,TOEIC600点以上
近藤,映菜,こんどう,はな,女性,なし,人事部,30,264186,MOS
中本,志佳,なかもと,ゆきか,女性,なし,人事部,27,272432,
田上,李彩,たのうえ,りあ,女性,なし,人事部,27,266760,
安田,煌太,やすだ,こうた,男性,なし,人事部,25,207798,基本情報技術者
松井,一冬,まつい,いと,女性,なし,人事部,36,327854,
須藤,富子,すどう,とみこ,女性,なし,人事部,38,240654,簿記3級
河野,千佳,かわの,ちか,女性,なし,人事部,24,334958,MOS
菅,南希,すげ,なみき,女性,なし,人事部,23,377325,
長野,那瑠,ながの,なる,女性,なし,人事部,36,229280,TOEIC600点以上
庄司,杏子,しょうじ,あんず,女性,なし,人事部,35,233641,英検2級以上
中田,賢太郎,なかた,けんたろう,男性,なし,人事部,22,265613,基本情報技術者
飯田,珠見,いいだ,たまみ,女性,なし,人事部,20,274022,TOEIC600点以上
河合,真実,かわい,まなみ,女性,なし,人事部,36,380225,TOEIC600点以上
宮川,茉里,みやがわ,まり,女性,なし,人事部,29,382475,基本情報技術者
大谷,深也,おおたに,しんや,男性,なし,人事部,30,377859,
福田,果江,ふくだ,かえ,女性,なし,人事部,27,390391,
津田,思枝,つだ,しえ,女性,なし,人事部,28,220988,英検2級以上
福井,貴章,ふくい,たかあき,男性,なし,人事部,38,244421,簿記3級
大原,杏果,おおはら,あんか,女性,なし,人事部,27,200603,
本多,羽深,ほんだ,うみ,女性,なし,人事部,20,224840,
川田,舞夏,かわた,まなつ,女性,なし,人事部,37,219487,
矢島,琴汰,やじま,きんた,男性,なし,人事部,28,303662,簿記3級
米田,豊二,よねだ,とよじ,男性,なし,人事部,27,271423,
石橋,靖彦,いしばし,やすひこ,男性,なし,人事部,21,321199,TOEIC600点以上
杉山,裕真,すぎやま,ゆま,女性,なし,人事部,33,356823,TOEIC600点以上
荒川,夏奈,あらかわ,なな,女性,なし,人事部,27,222351,MOS
西村,梓里,にしむら,あずさ,女性,なし,人事部,39,288572,
岸本,秀美,きしもと,ひろみ,女性,なし,人事部,24,287452,TOEIC600点以上
中井,温叶,なかい,はるか,女性,なし,人事部,22,353097,MOS
谷川,文菜,たにがわ,ふみな,女性,なし,人事部,20,381332,
土田,潮,つちだ,しお,女性,なし,人事部,34,242670,
関,牧更,せき,まきこ,女性,なし,人事部,32,203762,
安部,流歌,あべ,はるか,女性,なし,人事部,29,209593,
杉田,瑠巳,すぎた,るみ,女性,なし,人事部,26,309905,
田上,珠桜,たのうえ,みお,女性,なし,人事部,23,347738,MOS
吉岡,奈己,よしおか,なみ,女性,なし,人事部,33,224234,
長野,桜生,ながの,さき,女性,なし,人事部,39,290527,TOEIC600点以上
武井,章可,たけい,あやか,女性,なし,人事部,27,368152,基本情報技術者
石崎,悠斗,いしざき,はると,男性,なし,人事部,31,288247,TOEIC600点以上
岸本,浩一郎,きしもと,こういちろう,男性,なし,人事部,21,278870,
森本,圭三,もりもと,けいぞう,男性,なし,人事部,25,200082,英検2級以上
小笠原,昌浩,おがさわら,まさひろ,男性,なし,人事部,31,245885,
荒井,志那,あらい,しな,女性,なし,人事部,32,239516,TOEIC600点以上
菊地,好香,きくち,このか,女性,なし,人事部,22,225292,基本情報技術者
内田,磨琴,うちだ,まこと,女性,なし,人事部,31,231608,
米田,訓,よねだ,くん,男性,なし,人事部,32,246540,
福井,智瑛,ふくい,ちあき,女性,なし,人事部,24,378552,英検2級以上
平松,将太,ひらまつ,しょうた,男性,なし,人事部,20,203343,
田中,尚江,たなか,なおえ,女性,なし,人事部,23,395167,TOEIC600点以上
村松,実重,むらまつ,みえ,女性,なし,人事部,38,295381,MOS
大野,章子,おおの,あきこ,女性,なし,人事部,35,290883,
西田,奈穂子,にしだ,なおこ,女性,なし,人事部,26,337331,TOEIC600点以上
竹田,諒介,たけた,りょうすけ,男性,なし,人事部,39,380421,
坂口,早苗,さかぐち,さなえ,女性,なし,人事部,39,350422,
吉原,弘二,よしはら,こうじ,男性,なし,人事部,30,344329,
田原,健,たはら,たける,男性,なし,人事部,22,377060,
古賀,謙一郎,こが,けんいちろう,男性,なし,人事部,21,250196,
尾崎,敏隆,おざき,としたか,男性,なし,人事部,28,229336,
近藤,智珠,こんどう,ともみ,女性,なし,人事部,38,236872,
塚本,等,つかもと,ひとし,男性,なし,人事部,23,395316,
白井,初代,しらい,しょだい,男性,なし,人事部,28,330832,基本情報技術者
倉田,綾南,くらた,あやな,女性,部長,財務部,63,639993,
徳田,宗生,とくだ,むねお,男性,課長,財務部,45,588553,英検2級以上
西原,真二,にしはら,しんじ,男性,課長,財務部,51,532969,MOS
山岡,雄大,やまおか,たけひろ,男性,課長,財務部,54,594528,
上田,公史,うえだ,ひろし,男性,課長,財務部,50,556781,
田原,文羽,たはら,あやは,女性,課長,財務部,50,504741,MOS
福田,遥菜,ふくだ,あいな,女性,課長,財務部,55,505137,
大竹,勇夫,おおたけ,いさお,男性,課長,財務部,47,520900,
園田,伸行,そのだ,のぶゆき,男性,課長,財務部,52,541251,英検2級以上
高野,悠平,こうの,ゆうへい,男性,課長,財務部,49,543399,
奥山,裕江,おくやま,ひろえ,女性,課長,財務部,50,559709,
森川,七珠,もりかわ,ななみ,女性,係長,財務部,41,420969,基本情報技術者
関根,玲郁,せきね,れいか,女性,係長,財務部,41,440992,MOS
松本,妃音,まつもと,ひなり,女性,係長,財務部,35,458016,基本情報技術者
岡崎,明咲,おかざき,あきさ,女性,なし,財務部,22,381618,TOEIC600点以上
片岡,利麻,かたおか,りま,女性,なし,財務部,35,280651,
辻,克之,つじ,かつゆき,男性,なし,財務部,30,331353,TOEIC600点以上
星,信長,ほし,のぶなが,男性,なし,財務部,23,362155,
野口,新鼓,のぐち,ちかこ,女性,なし,財務部,39,219054,
菊池,紗妃,きくち,さき,女性,なし,財務部,40,247454,基本情報技術者
寺島,春乃,てらじま,はるの,女性,なし,財務部,35,359367,
手塚,晴霞,てづか,はるか,女性,なし,財務部,28,383364,
福原,信一郎,ふくはら,しんいちろう,男性,なし,財務部,26,382718,
中原,知一,なかはら,ともかず,男性,なし,財務部,20,212237,
大久保,希花,おおくぼ,まれか,女性,なし,財務部,35,395505,
荻野,紗稚,おぎの,ちさ,女性,なし,財務部,20,392586,基本情報技術者
松永,葉奈,まつなが,はな,女性,なし,財務部,23,351493,基本情報技術者
堀口,吏花,ほりぐち,りか,女性,なし,財務部,32,371266,
出口,健哉,でぐち,けんや,男性,なし,財務部,26,354971,英検2級以上
柏木,明憩,かしわぎ,あいこ,女性,なし,財務部,34,297814,英検2級以上
荒井,俊英,あらい,としひで,男性,なし,財務部,30,296351,
川崎,乃蒼,かわさき,のあ,女性,なし,財務部,22,334925,
坂田,啓之,さかた,ひろゆき,男性,なし,財務部,20,298847,
田島,那央,たじま,なお,女性,なし,財務部,33,278465,
金田,寿晴,かねだ,としはる,男性,なし,財務部,30,299739,英検2級以上
平川,優奈,ひらかわ,ゆうな,女性,なし,財務部,34,285200,
徳永,雅絵,とくなが,まさえ,女性,なし,財務部,32,399617,
星野,映音,ほしの,みお,女性,なし,財務部,28,295090,
黒川,好香,くろかわ,このか,女性,なし,財務部,23,235639,英検2級以上
阿部,正浩,あべ,まさひろ,男性,なし,財務部,27,310928,TOEIC600点以上
西本,隼人,にしもと,はやと,男性,なし,財務部,20,346717,
吉沢,功,よしざわ,いさお,男性,なし,財務部,28,302238,簿記3級
畑中,慎吾,はたなか,しんご,男性,なし,財務部,38,352959,MOS
大島,汐泉,おおしま,ゆい,女性,なし,財務部,26,266729,
白石,扇生,しらいし,みき,女性,なし,財務部,26,295446,
越智,圭生,おち,たまお,女性,なし,財務部,28,309160,基本情報技術者
西沢,和秀,にしざわ,かずひで,男性,なし,財務部,29,283993,英検2級以上
白川,志悠,しらかわ,しゅう,女性,なし,財務部,36,289703,
奥山,慶太,おくやま,けいた,男性,なし,財務部,35,355762,
宮島,初絵,みやじま,はつえ,女性,なし,財務部,28,235476,英検2級以上
岡部,小実,おかべ,このみ,女性,なし,財務部,36,269102,
平山,康広,ひらやま,やすひろ,男性,なし,財務部,40,349105,
平田,史夏,ひらた,みか,女性,なし,財務部,30,343530,英検2級以上
奥山,未喜,おくやま,みき,女性,なし,財務部,33,231239,基本情報技術者
前田,零那,まえだ,れいな,女性,なし,財務部,31,319823,TOEIC600点以上
志村,里依,しむら,さとえ,女性,なし,財務部,20,275600,基本情報技術者
坂口,由充,さかぐち,ゆみ,女性,なし,財務部,25,315502,
若林,裕貴,わかばやし,ひろき,男性,なし,財務部,34,267793,基本情報技術者
宮内,礼,みやうち,れい,男性,なし,財務部,30,278435,TOEIC600点以上
柳沢,楽,やなぎさわ,がく,男性,なし,財務部,22,218263,TOEIC600点以上
野口,星奏,のぐち,せな,女性,なし,財務部,29,227054,
原,幹宏,はら,みきひろ,男性,なし,財務部,32,335554,
松原,碧夏,まつばら,たまか,女性,なし,財務部,27,246472,
篠原,茂晴,しのはら,しげはる,男性,なし,財務部,22,230718,
中野,喜惠,なかの,よしえ,女性,なし,財務部,39,326781,簿記3級
大塚,義徳,おおつか,よしのり,男性,なし,財務部,33,282291,MOS
長沢,優生,ながさわ,ゆうせい,男性,なし,財務部,29,319251,MOS
吉原,詩花,よしはら,うたか,女性,なし,財務部,34,302457,
丸山,勝朗,まるやま,かつろう,男性,なし,財務部,23,275375,簿記3級
上村,友哉,うえむら,ともや,男性,なし,財務部,31,220817,簿記3級
杉原,可苗,すぎはら,かなえ,女性,なし,財務部,32,380071,
中川,美果,なかがわ,みか,女性,なし,財務部,27,282798,
奥山,敏夫,おくやま,としお,男性,なし,財務部,21,375035,英検2級以上
尾崎,若志,おざき,わかし,男性,なし,財務部,31,342296,
岡野,幸雄,おかの,ゆきお,男性,なし,財務部,22,280613,TOEIC600点以上
島田,太,しまだ,ふとし,男性,なし,財務部,29,316335,TOEIC600点以上
坂井,大誠,さかい,たいせい,男性,なし,財務部,23,284774,
浜田,文雅,はまだ,ふみか,女性,なし,財務部,35,270013,
西,幸雄,にし,ゆきお,男性,なし,財務部,40,233455,
尾崎,雄一,おざき,ゆういち,男性,なし,財務部,22,328258,
宮川,瑛月,みやがわ,えるな,女性,なし,財務部,33,340629,基本情報技術者
堤,楓太,つつみ,ふうた,男性,なし,財務部,34,292507,
木下,梨杏,きのした,りあん,女性,なし,財務部,33,242441,
桑原,正利,くわはら,まさとし,男性,なし,財務部,30,398391,基本情報技術者
千葉,一慶,ちば,いっけい,男性,なし,財務部,32,398342,英検2級以上
柏木,芳里,かしわぎ,かおり,女性,なし,財務部,28,341891,MOS
中尾,晋一,なかお,しんいち,男性,なし,財務部,20,306420,基本情報技術者
松村,雅大,まつむら,まさひろ,男性,なし,財務部,40,202977,
北村,康弘,きたむら,やすひろ,男性,なし,財務部,29,346108,英検2級以上
多田,龍馬,ただ,りゅうま,男性,なし,財務部,22,296151,
三木,魁人,みき,かいと,男性,なし,財務部,27,274135,
小島,純也,こじま,じゅんや,男性,なし,財務部,35,207327,基本情報技術者
堀口,朱恵,ほりぐち,あきえ,女性,なし,財務部,22,359884,
本多,傳盛,ほんだ,ただもり,男性,なし,財務部,27,366790,簿記3級
矢島,直弥,やじま,なおや,男性,なし,財務部,25,394050,MOS
日高,花佳,ひだか,はなか,女性,なし,財務部,37,341284,基本情報技術者
荒木,祐也,あらき,ゆうや,男性,なし,財務部,28,362583,
古谷,千恵,こたに,ちえ,女性,なし,財務部,27,396534,
吉本,僚,よしもと,りょう,男性,なし,財務部,28,220532,
杉本,里茉,すぎもと,りま,男性,なし,財務部,28,367558,
久保,芳徳,くぼ,よしのり,男性,なし,財務部,20,355952,英検2級以上
植田,連,うえだ,れん,男性,なし,財務部,39,354315,基本情報技術者
関根,千佳,せきね,ちよ,女性,なし,財務部,23,232491,
古谷,淑実,こたに,きよみ,女性,なし,財務部,29,310932,簿記3級
三浦,添世,みうら,そよ,女性,なし,財務部,37,352371,簿記3級
天野,勝義,あまの,かつよし,男性,なし,財務部,26,354076,英検2級以上
森田,鈴心,もりた,すずね,女性,なし,財務部,21,258447,
安井,亮太郎,やすい,りょうたろう,男性,なし,財務部,20,272749,
青木,雄太,あおき,ゆうた,男性,なし,財務部,27,378575,簿記3級
植田,星帆,うえだ,せいほ,女性,なし,財務部,22,315774,
岡本,和芳,おかもと,かずよし,男性,なし,財務部,26,366176,
山中,由渚,やまなか,ゆな,女性,なし,財務部,31,208885,
山岡,良太,やまおか,りょうた,男性,なし,財務部,34,397788,
谷,覚,たに,さとる,男性,なし,財務部,40,257448,
宮田,秋芳,みやた,あきよし,男性,なし,財務部,27,338482,
青柳,万祈,あおやぎ,まき,女性,なし,財務部,30,342392,
吉川,碧惟,よかわ,あおい,女性,なし,財務部,32,233952,TOEIC600点以上
池田,大翔,いけだ,はると,男性,なし,財務部,37,394278,簿記3級
金田,凌央,かねだ,りょう,男性,なし,財務部,39,373547,
宮本,磨優,みやもと,まゆ,女性,なし,財務部,24,275672,MOS
日野,麗夏,ひの,れいか,女性,なし,財務部,26,228254,
高山,珂菜,たかやま,かな,女性,なし,財務部,21,324975,英検2級以上
加納,蛍,かのう,けい,女性,なし,財務部,21,311258,TOEIC600点以上
篠崎,世里花,しのざき,せりか,女性,なし,財務部,38,383500,MOS
小森,繁功,こもり,しげのり,男性,なし,財務部,28,253791,
西山,有三,にしやま,ゆうぞう,男性,なし,財務部,27,393762,
小柳,眞萌,こやなぎ,さなえ,女性,なし,財務部,23,248176,TOEIC600点以上
柳田,繭里,やなぎだ,まゆり,女性,なし,財務部,27,246733,
堀田,奈弥,ほった,なみ,女性,なし,財務部,33,209567,基本情報技術者
川村,智瑞,かわむら,ともみず,男性,なし,財務部,29,391818,簿記3級
桑原,徹也,くわはら,てつや,男性,なし,財務部,35,389071,MOS
手塚,百笑,てづか,もえ,女性,なし,財務部,23,281859,英検2級以上
西本,晃司,にしもと,こうじ,男性,なし,財務部,20,243847,
菅野,凛太,かんの,りんた,男性,なし,財務部,25,280248,
千葉,鴻実,ちば,ひろみ,女性,部長,総務部,58,644920,
伊東,彩輝,いとう,さつき,女性,課長,総務部,50,589416,
大塚,さつき,おおつか,さつき,女性,課長,総務部,46,518340,TOEIC600点以上
比嘉,将英,ひが,まさひで,男性,課長,総務部,55,584095,
豊田,樹鈴,とよだ,じゅりん,女性,課長,総務部,46,504295,
坂本,拓真,さかもと,たくま,男性,課長,総務部,52,512711,TOEIC600点以上
内山,淑未,うちやま,よしみ,女性,課長,総務部,52,519051,MOS
稲田,公絵,いなだ,たかえ,女性,課長,総務部,48,519217,
山本,勝義,やまもと,かつよし,男性,課長,総務部,54,525939,
大沢,弥春,おおさわ,みはる,女性,課長,総務部,46,538631,基本情報技術者
小野寺,美空香,おのでら,みくか,女性,課長,総務部,48,527306,TOEIC600点以上
吉村,直宏,よしむら,なおひろ,男性,係長,総務部,38,476590,簿記3級
柏木,裕人,かしわぎ,ゆうと,男性,係長,総務部,44,449866,
平田,紀葵,ひらた,きき,女性,係長,総務部,35,449787,簿記3級
太田,亜奈睦,おおた,あなむ,男性,なし,総務部,21,330313,
吉川,紘代,よかわ,ひろよ,女性,なし,総務部,32,332641,基本情報技術者
谷川,章,たにがわ,あきら,男性,なし,総務部,28,287230,簿記3級
篠崎,夕馨,しのざき,ゆか,女性,なし,総務部,26,356144,基本情報技術者
西原,一巴,にしはら,いちは,女性,なし,総務部,32,230041,
野崎,実,のざき,まこと,男性,なし,総務部,34,226456,基本情報技術者
上野,千晴,うえの,ちはる,女性,なし,総務部,26,247605,MOS
片桐,俊雄,かたぎり,としお,男性,なし,総務部,33,262320,
五十嵐,瑛葉,いがらし,てるは,女性,なし,総務部,31,390524,
田畑,華乃,たばた,あやの,女性,なし,総務部,32,349716,基本情報技術者
古谷,旭保,こたに,あきほ,女性,なし,総務部,21,307535,
柴田,章録,しばた,あきとし,男性,なし,総務部,33,227832,
竹中,希和,たけなか,きわ,女性,なし,総務部,27,343116,簿記3級
奥野,賢吾,おくの,けんご,男性,なし,総務部,25,356873,簿記3級
青柳,勝一,あおやぎ,かついち,男性,なし,総務部,27,246155,簿記3級
長野,龍太,ながの,りゅうた,男性,なし,総務部,29,388940,TOEIC600点以上
小原,明弥,おばら,あみ,女性,なし,総務部,25,294334,TOEIC600点以上
荒川,夢流,あらかわ,ゆめり,女性,なし,総務部,31,281837,基本情報技術者
今井,藍衣,いまい,あおい,女性,なし,総務部,31,201298,MOS
大森,政之助,おおもり,せいのすけ,男性,なし,総務部,39,275096,
中島,遼太,なかじま,りょうた,男性,なし,総務部,26,216992,
松本,晴章,まつもと,はるあき,男性,なし,総務部,30,253268,
西本,保,にしもと,たもつ,男性,なし,総務部,30,292495,TOEIC600点以上
越智,琉生,おち,りゅうせい,男性,なし,総務部,40,304760,
中西,大成,なかにし,たいせい,男性,なし,総務部,24,203132,
安藤,来空,あんどう,りら,女性,なし,総務部,27,242597,MOS
金城,亜奈睦,かねしろ,あなむ,男性,なし,総務部,32,354338,
笠井,愛歩,かさい,あいほ,女性,なし,総務部,25,290539,基本情報技術者
坂井,睦夏,さかい,ともか,女性,なし,総務部,20,223220,基本情報技術者
福岡,圭美,ふくおか,けいみ,女性,なし,総務部,30,320907,
永田,蒔希,ながた,まき,女性,なし,総務部,30,261864,TOEIC600点以上
岸本,祐太,きしもと,ゆうた,男性,なし,総務部,30,366231,TOEIC600点以上
岡田,聖月,おかだ,みずき,女性,なし,総務部,27,283680,簿記3級
豊田,香波,とよだ,こなみ,女性,なし,総務部,38,365102,
安田,茉永,やすだ,まな,女性,なし,総務部,40,295471,MOS
酒井,友樹,さかい,ともき,男性,なし,総務部,28,210791,
奥村,和昌,おくむら,かずまさ,男性,なし,総務部,22,203217,
岡部,真央,おかべ,まお,男性,なし,総務部,34,371452,MOS
横井,寿枝,よこい,としえ,女性,なし,総務部,23,212238,
佐々木,紫薫,ささき,しのぶ,女性,なし,総務部,20,346960,
星野,正紘,ほしの,まさひろ,男性,なし,総務部,32,295116,
宮崎,光太郎,みやざき,こうたろう,男性,なし,総務部,31,357583,基本情報技術者
松井,修平,まつい,しゅうへい,男性,なし,総務部,36,381926,
山本,ひろよ,やまもと,ひろよ,女性,なし,総務部,32,347814,英検2級以上
藤本,夏愛,ふじもと,ななり,女性,なし,総務部,30,340615,MOS
石川,真華,いしかわ,まほな,女性,なし,総務部,33,271369,
根岸,由阿,ねぎし,ゆあさ,女性,なし,総務部,34,346635,簿記3級
稲田,勝信,いなだ,かつのぶ,男性,なし,総務部,34,353441,
浜野,絵渚,はまの,えいな,女性,なし,総務部,39,280017,簿記3級
神谷,龍之助,かみや,りゅうのすけ,男性,なし,総務部,22,372277,
今井,道代,いまい,みちよ,女性,なし,総務部,39,335725,基本情報技術者
田代,翠恵,たしろ,みえ,女性,なし,総務部,21,300552,基本情報技術者
藤田,典子,ふじた,のりこ,女性,なし,総務部,32,341703,
石原,一正,いしはら,かずまさ,男性,なし,総務部,28,298362,
菅野,茉結,かんの,まい,女性,なし,総務部,26,214508,簿記3級
南,和枝,みなみ,かずえ,女性,なし,総務部,32,327522,簿記3級
荻野,静和,おぎの,しずか,女性,なし,総務部,25,292599,英検2級以上
西岡,米光,にしおか,よねみつ,男性,なし,総務部,21,227350,基本情報技術者
久保,正紘,くぼ,まさひろ,男性,なし,総務部,30,220506,基本情報技術者
浜口,涼汰,はまぐち,りょうた,男性,なし,総務部,29,302230,TOEIC600点以上
小松,基水,こまつ,もとみ,女性,なし,総務部,32,249556,
大竹,基江,おおたけ,もとえ,女性,なし,総務部,39,230541,英検2級以上
小島,夏実,こじま,なつみ,女性,なし,総務部,38,293263,
飯田,璃玖,いいだ,りく,女性,なし,総務部,25,262844,
神谷,美津穂,かみや,みずほ,女性,なし,総務部,25,373895,
森下,英恵,もりした,ふさえ,女性,なし,総務部,36,326384,英検2級以上
伊藤,よしえ,いとう,よしえ,女性,なし,総務部,30,218177,基本情報技術者
塚田,泰奈,つかだ,やすな,女性,なし,総務部,37,297446,英検2級以上
森本,碧紗,もりもと,あいしゃ,女性,なし,総務部,22,216733,TOEIC600点以上
林,夏愛,はやし,なちか,女性,なし,総務部,22,241864,英検2級以上
森田,絵美子,もりた,えみこ,女性,なし,総務部,40,393377,MOS
花田,亨,はなだ,とおる,男性,なし,総務部,23,335124,TOEIC600点以上
宮島,翔平,みやじま,りょうへい,男性,なし,総務部,34,339393,TOEIC600点以上
山口,依瑠,やまぐち,える,女性,なし,総務部,30,250941,簿記3級
菊池,広乃,きくち,ひろの,女性,なし,総務部,35,222040,TOEIC600点以上
関根,伸吾,せきね,しんご,男性,なし,総務部,30,226601,
永田,暁乃,ながた,あきの,女性,なし,総務部,38,371170,
児玉,寿利,こだま,ひさとし,男性,なし,総務部,21,339262,英検2級以上
高井,千愛,たかい,ちさと,女性,なし,総務部,37,224980,
相沢,衣留,あいざわ,える,女性,なし,総務部,33,262775,基本情報技術者
荒川,大作,あらかわ,たいさく,男性,なし,総務部,25,335200,TOEIC600点以上
佐伯,政和,さえき,まさかず,男性,なし,総務部,37,348112,TOEIC600点以上
高田,秀男,たかだ,ひでお,男性,なし,総務部,20,307662,MOS
近藤,未央,こんどう,みう,女性,なし,総務部,29,210848,
馬場,啓文,ばば,ひろふみ,男性,なし,総務部,21,228865,英検2級以上
相馬,波穂,そうま,なお,女性,なし,総務部,40,240061,MOS
森本,勇介,もりもと,ゆうすけ,男性,なし,総務部,23,320592,
荻野,孝一,おぎの,こういち,男性,なし,総務部,38,210521,
杉山,温,すぎやま,はる,男性,なし,総務部,23,306818,
工藤,真希,くどう,まき,男性,なし,総務部,38,395279,基本情報技術者
佐久間,絢詠,さくま,あやえ,女性,なし,総務部,27,228211,
小川,正教,おがわ,まさのり,男性,なし,総務部,26,238877,MOS
宮崎,傳盛,みやざき,ただもり,男性,なし,総務部,33,272431,
出口,弘志,でぐち,ひろし,男性,なし,総務部,23,275880,
飯田,剛之,いいだ,たかゆき,男性,なし,総務部,34,290380,
神田,雅実,こうだ,あみ,女性,なし,総務部,23,249001,簿記3級
田村,明夏,たむら,あきか,女性,なし,総務部,38,342980,簿記3級
安藤,萌結,あんどう,もゆ,女性,なし,総務部,26,393707,
伊藤,妃南,いとう,ひな,女性,なし,総務部,36,365603,MOS
八木,瑠泉,やぎ,るい,女性,なし,総務部,28,393376,TOEIC600点以上
堀内,よしえ,ほりうち,よしえ,女性,なし,総務部,20,324564,簿記3級
森下,崇昭,もりした,たかあき,男性,なし,総務部,26,240699,
小沢,勝志,おざわ,かつし,男性,なし,総務部,27,252719,
早川,隆太郎,はやかわ,りゅうたろう,男性,なし,総務部,23,391471,
大島,未衣,おおしま,みえ,女性,なし,総務部,34,287643,
川端,友則,かわばた,とものり,男性,なし,総務部,38,267095,
茂木,仁望,もぎ,ひとみ,女性,なし,総務部,36,240007,英検2級以上
二宮,汐彩,にのみや,せあ,女性,なし,総務部,29,271827,
金子,彗理,かねこ,さとり,女性,なし,総務部,20,386396,
柳田,美由紀,やなぎだ,みゆき,女性,なし,総務部,35,208493,
向井,七瞳,むかい,ななみ,女性,なし,総務部,27,210283,
沼田,信,ぬまた,まこと,男性,なし,総務部,34,208085,基本情報技術者
平山,梨園,ひらやま,りえ,女性,なし,総務部,39,294993,
堀内,淳嗣,ほりうち,あつし,男性,なし,総務部,30,277380,
畠山,陽人,はたけやま,はると,男性,なし,総務部,20,216165,
河原,龍生,かわはら,りゅうせい,男性,なし,総務部,20,207311,基本情報技術者
川野,悠生,かわの,ゆうせい,男性,なし,総務部,29,204399,英検2級以上
鈴木,初空,すずき,はつく,女性,なし,総務部,30,348780,MOS
安田,弘枝,やすだ,ひろえ,女性,なし,総務部,28,213002,簿記3級
原田,則幸,はらだ,のりゆき,男性,なし,総務部,26,333602,
根本,天里,ねもと,あめり,女性,部長,企画部,55,619948,
畑中,武瑠,はたなか,たける,男性,課長,企画部,48,559702,
木下,美結,きのした,みゆう,女性,課長,企画部,46,549292,
江口,伽羅,えぐち,きゃら,女性,課長,企画部,48,540338,MOS
白石,微加,しらいし,そよか,女性,課長,企画部,47,538688,
北川,順加,きたがわ,じゅんか,女性,課長,企画部,53,517226,MOS
吉川,智,よかわ,とも,男性,課長,企画部,50,547939,
川上,銀士,かわかみ,ぎんじ,男性,課長,企画部,46,565419,簿記3級
三木,敏,みき,さとし,男性,課長,企画部,45,582279,
横井,里己,よこい,りこ,女性,課長,企画部,48,542401,基本情報技術者
多田,英永,ただ,ひでなが,男性,課長,企画部,54,551835,
杉山,聖斗,すぎやま,せいと,男性,係長,企画部,45,406711,
瀬戸,顕士,せと,けんじ,男性,係長,企画部,36,492026,基本情報技術者
伊東,晃志郎,いとう,こうしろう,男性,係長,企画部,44,417867,英検2級以上
中沢,保栄,なかざわ,やすえ,女性,なし,企画部,24,275845,英検2級以上
金城,良和,かねしろ,よしかず,男性,なし,企画部,21,273600,MOS
吉野,紗,よしの,さな,女性,なし,企画部,32,307828,簿記3級
堀内,賢枝,ほりうち,さとえ,女性,なし,企画部,21,392214,
西川,沢希,にしかわ,さわき,女性,なし,企画部,24,292258,
木村,文夫,きむら,ふみお,男性,なし,企画部,22,291120,MOS
福原,朱香,ふくはら,あやか,女性,なし,企画部,37,239871,TOEIC600点以上
竹中,悠,たけなか,ゆう,男性,なし,企画部,39,216098,
福原,智紀,ふくはら,とものり,男性,なし,企画部,31,323995,簿記3級
中谷,栄一,なかたに,えいいち,男性,なし,企画部,38,394645,基本情報技術者
三上,飛夕,みかみ,ひゆう,男性,なし,企画部,37,231560,英検2級以上
永野,拓弥,ながの,たくや,男性,なし,企画部,35,286290,英検2級以上
太田,佳葉,おおた,かよう,女性,なし,企画部,30,276243,簿記3級
竹田,啓之,たけた,ひろゆき,男性,なし,企画部,31,315816,
高野,星,こうの,ほし,女性,なし,企画部,29,296549,
長沢,望喜,ながさわ,みき,女性,なし,企画部,39,231058,TOEIC600点以上
花田,采芽,はなだ,あやめ,女性,なし,企画部,26,268724,英検2級以上
黒沢,貴史,くろさわ,たかし,男性,なし,企画部,20,262947,簿記3級
谷,由伊,たに,ゆい,女性,なし,企画部,24,221406,英検2級以上
若林,逸樹,わかばやし,いつき,男性,なし,企画部,40,256097,基本情報技術者
上村,有紗,うえむら,ゆさ,女性,なし,企画部,21,216541,
大石,真里緒,おおいし,まりお,男性,なし,企画部,30,264641,
小西,信一郎,こにし,しんいちろう,男性,なし,企画部,23,313371,
馬場,みき,ばば,みき,女性,なし,企画部,34,330525,
中山,琥太郎,なかやま,こたろう,男性,なし,企画部,39,257867,
金沢,野恵,かなざわ,やえ,女性,なし,企画部,34,260689,
高井,悠有,たかい,ゆう,女性,なし,企画部,40,250332,
飯田,可苗,いいだ,かな,女性,なし,企画部,25,223635,
斎藤,千沙,さいとう,ちさ,女性,なし,企画部,21,247406,
片桐,創太,かたぎり,そうた,男性,なし,企画部,32,253848,
梅田,史朗,うめだ,しろう,男性,なし,企画部,22,215505,
広瀬,琴枝,ひろせ,ことえ,女性,なし,企画部,37,203051,
中村,瑠歌,なかむら,るりか,女性,なし,企画部,37,311493,基本情報技術者
千葉,渉,ちば,わたる,男性,なし,企画部,26,202350,
石川,添世,いしかわ,そよ,女性,なし,企画部,21,359506,
西村,遥人,にしむら,はると,男性,なし,企画部,23,396212,英検2級以上
西野,七伎,にしの,なおき,男性,なし,企画部,29,380506,
手塚,右京,てづか,うきょう,男性,なし,企画部,36,296293,
村瀬,徹也,むらせ,てつや,男性,なし,企画部,21,264749,簿記3級
佐々木,砂沙,ささき,ささ,女性,なし,企画部,33,247822,英検2級以上
森下,波果,もりした,なみか,女性,なし,企画部,20,394534,
福岡,衣恵,ふくおか,きぬえ,女性,なし,企画部,37,209186,基本情報技術者
稲垣,壮太,いながき,そうた,男性,なし,企画部,23,321975,
浅田,裕,あさだ,ひろし,男性,なし,企画部,28,286682,
大石,眞矢,おおいし,まや,女性,なし,企画部,27,394014,簿記3級
山本,陽介,やまもと,ようすけ,男性,なし,企画部,25,210272,
西,一光,にし,いっこう,男性,なし,企画部,39,271015,
窪田,隆昭,くぼた,たかあき,男性,なし,企画部,29,244930,MOS
佐藤,瞳衣,さとう,ひとえ,女性,なし,企画部,20,298364,
西尾,豪,にしお,たけし,男性,なし,企画部,20,221923,
谷,百加,たに,もか,女性,なし,企画部,30,221891,
北原,幹志,きたはら,もとし,男性,なし,企画部,22,284424,MOS
武井,礼子,たけい,れいこ,女性,なし,企画部,35,335678,TOEIC600点以上
庄司,志野,しょうじ,しの,女性,なし,企画部,24,255363,
岡村,美紀奈,おかむら,みきな,女性,なし,企画部,29,333617,
前田,友之,まえだ,ともゆき,男性,なし,企画部,30,390461,
須田,亜美瑠,すだ,あみる,男性,なし,企画部,22,269787,
根岸,壽江,ねぎし,としえ,女性,なし,企画部,39,266405,簿記3級
福田,南華,ふくだ,あけは,女性,なし,企画部,37,335348,TOEIC600点以上
飯塚,新一,いいづか,しんいち,男性,なし,企画部,39,330201,簿記3級
田中,宏之,たなか,ひろゆき,男性,なし,企画部,32,294694,簿記3級
佐野,理津子,さの,りつこ,女性,なし,企画部,23,338649,MOS
西原,直之,にしはら,なおゆき,男性,なし,企画部,35,326204,MOS
落合,光樹,おちあい,こうき,男性,なし,企画部,23,239911,MOS
馬場,勝嘉,ばば,かつよし,男性,なし,企画部,26,368659,MOS
宮原,睦乃,みやはら,よしの,女性,なし,企画部,30,367434,
森本,秋慧,もりもと,あきえ,女性,なし,企画部,37,274644,
篠田,明南,しのだ,あきな,女性,なし,企画部,29,365388,英検2級以上
大島,杏優,おおしま,あゆ,女性,なし,企画部,35,262422,MOS
花田,浩志,はなだ,こうじ,男性,なし,企画部,20,367297,
近藤,彰男,こんどう,あきお,男性,なし,企画部,24,340579,
小田,智大,おだ,ともひろ,男性,なし,企画部,39,270888,英検2級以上
榊原,克則,さかきばら,かつのり,男性,なし,企画部,27,204888,MOS
天野,喜博,あまの,よしひろ,男性,なし,企画部,34,343891,
大城,慈真,おおしろ,しま,女性,なし,企画部,28,284720,
高木,晏有,たかぎ,あゆ,女性,なし,企画部,26,244925,
深沢,海里,ふかざわ,かいり,女性,なし,企画部,26,219205,
三浦,由美絵,みうら,ゆみえ,女性,なし,企画部,38,227278,基本情報技術者
井口,恭平,いぐち,きょうへい,男性,なし,企画部,24,213852,基本情報技術者
徳田,修平,とくだ,しゅうへい,男性,なし,企画部,35,221646,TOEIC600点以上
田原,春輝,たはら,はるき,男性,なし,企画部,37,230204,MOS
青柳,涼太郎,あおやぎ,りょうたろう,男性,なし,企画部,35,346670,TOEIC600点以上
足立,花瑛,あだち,はなえ,女性,なし,企画部,32,354765,簿記3級
森山,雅啓,もりやま,まさのぶ,男性,なし,企画部,25,328916,
金沢,絢妃,かなざわ,しゅんり,女性,なし,企画部,27,250995,簿記3級
宮下,晴章,みやした,はるあき,男性,なし,企画部,36,338695,
富永,喜一,とみなが,きいち,男性,なし,企画部,26,362609,英検2級以上
山根,武彦,やまね,たけひこ,男性,なし,企画部,34,222057,
宮原,三沙,みやはら,みさ,女性,なし,企画部,39,319444,
今村,保彦,いまむら,やすひこ,男性,なし,企画部,35,204044,
金子,瑛斗,かねこ,えいと,男性,なし,企画部,26,205897,簿記3級
清水,哲,しみず,あきら,男性,なし,企画部,37,225232,基本情報技術者
大木,憲二郎,おおき,けんじろう,男性,なし,企画部,23,340620,英検2級以上
吉原,雅弘,よしはら,まさひろ,男性,なし,企画部,40,230064,TOEIC600点以上
村松,昌樹,むらまつ,まさき,男性,なし,企画部,37,298769,
内山,史絵,うちやま,ちかえ,女性,なし,企画部,31,370555,
岸本,潤弥,きしもと,うるみ,女性,なし,企画部,37,392889,
上原,吏南,うえはら,りな,女性,なし,企画部,37,227719,
安達,悠妃,あだち,ゆき,女性,なし,企画部,35,311492,
星,珠理,ほし,みさと,女性,なし,企画部,30,345490,英検2級以上
桜井,秋衣,さくらい,あきえ,女性,なし,企画部,32,358480,
武藤,尚久,むとう,なおひさ,男性,なし,企画部,23,221069,英検2級以上
島田,賢太,しまだ,けんた,男性,なし,企画部,26,329935,
安達,昌三,あだち,まさみ,女性,なし,企画部,33,322556,TOEIC600点以上
金子,麻友美,かねこ,まゆみ,女性,なし,企画部,37,254211,
寺田,芽於,てらだ,ちお,女性,なし,企画部,26,287436,基本情報技術者
松本,紋寧,まつもと,もね,女性,なし,企画部,26,378466,TOEIC600点以上
井上,憲之,いのうえ,のりゆき,男性,なし,企画部,31,220969,TOEIC600点以上
武田,海翔,たけだ,かいと,男性,なし,企画部,30,394471,
吉村,俊宏,よしむら,としひろ,男性,なし,企画部,37,373534,英検2級以上
笠井,圭美,かさい,たまみ,女性,なし,企画部,25,398689,英検2級以上
大塚,珠晴,おおつか,みはる,女性,なし,企画部,39,295297,TOEIC600点以上
下田,和輝,しもだ,かずき,男性,なし,企画部,30,238014,基本情報技術者
坂口,秋佳,さかぐち,あきか,女性,なし,企画部,32,313079,
吉村,依奈,よしむら,よりな,女性,なし,企画部,25,238461,TOEIC600点以上
近藤,一馬,こんどう,かずま,男性,なし,企画部,22,389321,
石塚,愛美夏,いしづか,あみか,女性,なし,企画部,20,392520,簿記3級
荒井,千雅,あらい,ちひろ,女性,なし,企画部,26,296838,英検2級以上
岩瀬,秀尚,いわせ,ひでたか,男性,なし,企画部,22,268439,
太田,智子,おおた,さとこ,女性,なし,企画部,36,217533,英検2級以上
片岡,春人,かたおか,はると,男性,部長,情報システム部,60,656507,基本情報技術者
大平,千香子,おおひら,ちかこ,女性,課長,情報システム部,51,597162,
高田,詩己,たかだ,しき,女性,課長,情報システム部,55,577636,基本情報技術者
松山,紫織,まつやま,しおり,女性,課長,情報システム部,46,552252,簿記3級
長野,衣美,ながの,きぬみ,女性,課長,情報システム部,45,578439,
岡村,志紀,おかむら,しき,女性,課長,情報システム部,52,557449,簿記3級
福島,季桜,ふくしま,きら,女性,課長,情報システム部,51,532362,簿記3級
畑中,和宏,はたなか,かずひろ,男性,課長,情報システム部,48,537905,
浅田,憲剛,あさだ,けいごう,男性,課長,情報システム部,53,523701,
坂田,咲八,さかた,さや,女性,課長,情報システム部,52,571727,基本情報技術者
松永,貴典,まつなが,たかのり,男性,課長,情報システム部,55,542018,
高井,健臣,たかい,たけおみ,男性,係長,情報システム部,35,473812,基本情報技術者
新田,紅葉,しんでん,こうよう,男性,係長,情報システム部,35,438404,
高田,浄,たかだ,じょう,男性,係長,情報システム部,37,451379,
若林,流歌,わかばやし,るか,女性,なし,情報システム部,39,273314,
水谷,虹希,みずたに,にき,女性,なし,情報システム部,37,333989,英検2級以上
梶原,音江,かじわら,おとえ,女性,なし,情報システム部,22,308436,基本情報技術者
平山,享平,ひらやま,きょうへい,男性,なし,情報システム部,24,267524,
川田,舞穂,かわた,まいほ,女性,なし,情報システム部,38,258238,
川村,恭絵,かわむら,やすえ,女性,なし,情報システム部,30,288343,
松山,菜葉,まつやま,なのは,女性,なし,情報システム部,31,205091,
神田,明仁,こうだ,あきひと,男性,なし,情報システム部,24,230931,
鎌田,重幸,かまた,しげゆき,男性,なし,情報システム部,22,326989,
塚田,紗佳,つかだ,きぬか,女性,なし,情報システム部,34,218237,
井口,星弥,いぐち,せいや,男性,なし,情報システム部,32,318147,
岩田,実聡,いわた,みさと,女性,なし,情報システム部,31,262382,TOEIC600点以上
浜野,めぐみ,はまの,めぐみ,女性,なし,情報システム部,22,316380,TOEIC600点以上
塚本,知奈,つかもと,ともな,女性,なし,情報システム部,30,263837,基本情報技術者
小松,百峰,こまつ,もね,女性,なし,情報システム部,36,318724,
筒井,秀介,つつい,しゅうすけ,男性,なし,情報システム部,38,237623,基本情報技術者
倉田,岳人,くらた,がくと,男性,なし,情報システム部,39,366315,
内山,八夏,うちやま,はなつ,女性,なし,情報システム部,30,319833,
茂木,水楓,もぎ,みずか,女性,なし,情報システム部,38,207555,
牧野,聡志,まきの,さとし,男性,なし,情報システム部,38,228556,簿記3級
川口,雪希,かわぐち,ゆき,女性,なし,情報システム部,40,343306,
安部,玲樹,あべ,れいな,女性,なし,情報システム部,20,207651,
石田,美有,いしだ,みゆ,女性,なし,情報システム部,31,377707,
岡,秀喜,おか,ひでき,男性,なし,情報システム部,37,365068,
上村,愛野,うえむら,あいの,女性,なし,情報システム部,26,217202,
長尾,里水,ながお,りみ,女性,なし,情報システム部,38,228980,英検2級以上
萩原,亜久里,はぎはら,あぐり,男性,なし,情報システム部,26,389257,
北原,郁花,きたはら,ふみか,女性,なし,情報システム部,32,259798,英検2級以上
中原,藍月,なかはら,あいか,女性,なし,情報システム部,33,261465,
堀内,篤,ほりうち,あつし,男性,なし,情報システム部,21,333170,
瀬戸,敬,せと,たかし,男性,なし,情報システム部,40,231379,
中原,貴大,なかはら,たかひろ,男性,なし,情報システム部,25,268603,
藤沢,木聖,ふじさわ,こみな,女性,なし,情報システム部,39,314535,
矢島,朱羅,やじま,じゅら,女性,なし,情報システム部,25,356844,簿記3級
横山,京介,よこやま,きょうすけ,男性,なし,情報システム部,20,378219,基本情報技術者
松永,覚,まつなが,さとる,男性,なし,情報システム部,27,202170,簿記3級
若林,知妙,わかばやし,ともみ,女性,なし,情報システム部,28,321319,
藤原,明仁,ふじわら,あきひと,男性,なし,情報システム部,23,277841,基本情報技術者
青柳,光沙,あおやぎ,みさ,女性,なし,情報システム部,32,327261,
柳田,秀也,やなぎだ,ひでなり,男性,なし,情報システム部,28,250542,
浜口,玲昌,はまぐち,あきまさ,男性,なし,情報システム部,40,241988,基本情報技術者
大場,英治,おおば,えいじ,男性,なし,情報システム部,20,357390,
土田,明果,つちだ,あきか,女性,なし,情報システム部,36,353904,TOEIC600点以上
内海,夏弥,うちうみ,かや,女性,なし,情報システム部,40,235983,基本情報技術者
宮城,順大,みやぎ,じゅんた,男性,なし,情報システム部,37,263278,簿記3級
奥野,早春,おくの,さやか,女性,なし,情報システム部,40,233424,
大橋,信親,おおはし,のぶより,男性,なし,情報システム部,38,284579,MOS
横山,笑璃,よこやま,えみり,女性,なし,情報システム部,23,279346,
岡野,憂季,おかの,ゆうき,女性,なし,情報システム部,20,244678,
荒川,美七,あらかわ,はるな,女性,なし,情報システム部,23,295846,TOEIC600点以上
増田,佳行,ますだ,よしゆき,男性,なし,情報システム部,30,323527,
宮島,光太郎,みやじま,こうたろう,男性,なし,情報システム部,38,390631,TOEIC600点以上
相馬,祐桜,そうま,ゆお,女性,なし,情報システム部,27,365981,
窪田,瑶,くぼた,よう,女性,なし,情報システム部,22,352342,
星,美由記,ほし,みゆき,女性,なし,情報システム部,27,310342,簿記3級
野村,文隆,のむら,ふみたか,男性,なし,情報システム部,23,260015,
島村,麻理,しまむら,まり,女性,なし,情報システム部,34,283810,MOS
園田,政美,そのだ,まさみ,男性,なし,情報システム部,39,219176,
田上,星,たのうえ,きらり,女性,なし,情報システム部,22,391843,
中井,雪衣,なかい,ゆい,女性,なし,情報システム部,29,261240,MOS
久保田,明弥,くぼた,あや,女性,なし,情報システム部,32,224647,簿記3級
徳田,明治,とくだ,あきはる,男性,なし,情報システム部,26,270221,簿記3級
倉田,明弘,くらた,あきひろ,男性,なし,情報システム部,20,287336,
石田,悦世,いしだ,えつよ,女性,なし,情報システム部,20,372113,基本情報技術者
野村,一正,のむら,かずまさ,男性,なし,情報システム部,40,378044,TOEIC600点以上
川島,優二,かわしま,ゆうじ,男性,なし,情報システム部,33,294783,英検2級以上
大木,響生,おおき,ひびき,男性,なし,情報システム部,30,381716,
森田,優姫,もりた,ゆうひ,女性,なし,情報システム部,32,299774,TOEIC600点以上
小笠原,紳一,おがさわら,しんいち,男性,なし,情報システム部,32,289610,
大崎,歩夢,おおさき,あゆむ,男性,なし,情報システム部,35,221278,
松井,靖司,まつい,やすし,男性,なし,情報システム部,25,227736,英検2級以上
矢島,英理,やじま,えいり,女性,なし,情報システム部,37,340994,TOEIC600点以上
秋元,紗未,あきもと,さみ,女性,なし,情報システム部,24,210790,TOEIC600点以上
山本,靖成,やまもと,やすなり,男性,なし,情報システム部,30,376850,
沢田,昭広,さわだ,あきひろ,男性,なし,情報システム部,22,294014,
佐々木,奏虹,ささき,かなえ,女性,なし,情報システム部,39,297865,
川島,冬妃,かわしま,ふゆひ,女性,なし,情報システム部,34,268088,
久保田,朱姫,くぼた,しゅき,女性,なし,情報システム部,33,349922,
古田,光高,ふるた,みつたか,男性,なし,情報システム部,35,240210,
柴田,禎中,しばた,さだのり,男性,なし,情報システム部,23,286681,MOS
鈴木,名恵,すずき,なえ,女性,なし,情報システム部,22,305200,英検2級以上
三島,賢,みしま,さとし,男性,なし,情報システム部,36,263375,簿記3級
武田,茉鈴,たけだ,まりん,女性,なし,情報システム部,30,335404,
川原,夕葵,かわら,ゆき,女性,なし,情報システム部,27,219754,基本情報技術者
山内,早映,やまうち,さえ,女性,なし,情報システム部,30,205249,
馬場,弘二,ばば,こうじ,男性,なし,情報システム部,39,278552,基本情報技術者
杉山,幸夫,すぎやま,さちお,男性,なし,情報システム部,34,337881,
中山,美映,なかやま,みはゆ,女性,なし,情報システム部,23,245885,簿記3級
星,氷魚,ほし,ひお,男性,なし,情報システム部,40,302665,
谷,利巴,たに,としえ,女性,なし,情報システム部,33,384641,
岩本,慈斉,いわもと,よしなり,男性,なし,情報システム部,33,326414,簿記3級
稲葉,拓斗,いなば,たくと,男性,なし,情報システム部,34,323832,
三宅,志奈,みやけ,しな,女性,なし,情報システム部,37,270492,
松永,咲有,まつなが,さゆ,女性,なし,情報システム部,23,324018,英検2級以上
横山,茜衣,よこやま,あかね,女性,なし,情報システム部,40,364966,
上野,充生,うえの,みちお,女性,なし,情報システム部,34,246243,TOEIC600点以上
高田,星祈,たかだ,みき,女性,なし,情報システム部,33,269003,
坂口,和重,さかぐち,かずえ,女性,なし,情報システム部,32,217827,
北原,信,きたはら,まこと,男性,なし,情報システム部,34,339254,TOEIC600点以上
近藤,小枝,こんどう,さえ,女性,なし,情報システム部,39,215241,
秋山,和幸,あきやま,かずゆき,男性,なし,情報システム部,40,303212,TOEIC600点以上
谷口,理麻,やぐち,りま,女性,なし,情報システム部,28,311275,基本情報技術者
小野,琴心,おの,ことこ,女性,なし,情報システム部,24,302053,
福原,優葉,ふくはら,ゆうは,女性,なし,情報システム部,24,255246,簿記3級
大塚,勲,おおつか,いさお,男性,なし,情報システム部,31,234920,
谷,武雄,たに,たけお,男性,なし,情報システム部,38,395245,
小谷,範久,こたに,のりひさ,男性,なし,情報システム部,32,317850,MOS
岡野,渚彩,おかの,なぎさ,女性,なし,情報システム部,34,360278,基本情報技術者
小沢,聡,おざわ,さとし,男性,なし,情報システム部,23,315537,
田畑,敏宏,たばた,としひろ,男性,なし,情報システム部,22,215828,
秋田,晏菜,あきた,はるな,女性,なし,情報システム部,21,264258,
川村,千沙,かわむら,ちさ,女性,なし,情報システム部,30,379900,
大石,衣夏,おおいし,きぬか,女性,なし,情報システム部,22,210339,TOEIC600点以上
金井,知美,かない,ともみ,女性,なし,情報システム部,29,301376,
菊地,文枝,きくち,ふみえ,女性,なし,情報システム部,39,256180,
熊谷,吉恭,くまがや,よしやす,男性,なし,情報システム部,35,379465,
田原,雅宏,たはら,まさひろ,男性,なし,情報システム部,21,246124,基本情報技術者
森本,篤,もりもと,あつし,男性,なし,情報システム部,30,356395,TOEIC600点以上
上田,隆司,うえだ,たかし,男性,なし,情報システム部,32,328899,
加藤,健誠,かとう,たけあき,男性,なし,情報システム部,34,335730,MOS
